user,text,date,helpful,source,year,wc,vader,sent,Login / OTP / Authentication,Bill Payment Flow,Web Redirect / Not Native,Rewards / MR Points,Offers / Amex Offers,Statement / Transactions / Balance,App Stability (crash/bug/slow),UI / UX / Design,Customer Service / Support,Card Controls / Servicing,Update / Version Regression,Notifications / Alerts,Onboarding / Registration / KYC,Feature Gaps vs Global App,Fees / Charges / Annual Fee
Vivek Kubaji,The app doesn't do justice to the excellent service by Amex. It's just too finicky (for lack of a better word). It's confusing is you have multiple cards. You always end up getting hard to find the card you are looking for. Hope the developers take note and improve the user interface and make it simple. An overview of all the cards which doesn't fade or animate out of view will be appreciated.,2021-08-02,164,relevance,2021,73,0.8528,positive,False,False,False,False,False,False,False,True,False,False,False,False,False,False,False
A Google user,"Theives and Frauds. Save yourselves. Don't buy any services from them. Because of the good name and services they provide, I bought an over priced car insurance from American Express. Thinking the services that American Express provides would be uniform and good, however, come to fears, they don't respond at all incase any claim. They are worst than a regular insurance company. Extremely bad. Feel free to contact me at any time for any details you need.",2019-05-03,132,relevance,2019,77,-0.3462,negative,False,False,False,False,False,False,False,False,False,False,False,False,False,False,False
A Google user,"The app is good to understand your activities but if we have to make a credit card payment (monthly payment) it's a pain. Just like the amex website. You are initiating the payment for the card that is configured in the same app, but still the user is asked to enter the entire details of the card then the bank account details. It's all done still in a browser, high time to build all these functionalities in the app itself and make the payment much more easier.",2019-10-04,121,relevance,2019,87,0.8068,positive,False,True,True,False,False,False,False,False,False,False,False,False,False,False,False
Tarkeshwar Sharma,"1. Just took the update and found the earlier UI was more handy. Reward points are not visible in the screen and moving the statement tab is also not good looking. Please revoke the UI change 2. It doesn't shows actual amount i.e. figures in decimal doesn't matches with the credit limit. E.g. if outstanding is 6000.39 and limit is 25,000 then it shows available credit limit as 18999.00 instead of 18999.61. the difference of 0.61 if they accumulate then it will be a problem. please correct this.",2022-05-07,85,relevance,2022,88,0.8559,positive,False,False,False,True,False,True,False,True,False,False,True,False,False,False,False
Ujjwal Nigam,"Useless app! 1. The app does not have all the functions of the desktop portal. 2. No direct way to connect with helpdesk. 3. Payment option takes you outside of the app to tye billdesk page. 4. Rewards catalog is so lousy now (use to be elite in the past) 5. No option enable/disable card features (ATM, PayWave, Online, International etc.)",2021-10-07,65,relevance,2021,61,-0.8353,negative,False,True,False,False,False,False,False,False,False,False,False,False,False,True,False
Bidyut Gogoi,"It's such a good experience speaking to Amex India customer care each time. It's like a breath of fresh air. I have about 7 different credit cards and nothing beats the customer service experience of Amex. To be frank, there are issues with Amex acceptance across many establishments but Amex's rewards program and customer service is what makes them stand out.",2021-03-18,61,relevance,2021,61,0.9081,positive,False,False,False,False,False,False,False,False,True,False,False,False,False,False,False
vignesh nishtala,"The old app was better. I don't understand why they had to remove the spend monitor to be eligible for the annual fee waiver. Now, I have to chat with an executive each time to know how much my total spending is. Though the card itself is great, the application is terrible. And Amex still isn't compliant with RBI's policy and isn't issuing new cards. Sigh",2022-01-03,57,relevance,2022,66,0.6124,positive,False,False,False,False,False,True,False,False,True,False,False,False,True,False,True
A Google user,"Dear All, this Amex credit cards are not being accepted in many places they are just advertising that they are giving perks if we spend on card but unfortunately these cards are not being accepted so if you are paying extra for these carda you are at loss, i took the credit card by paying around 4k but now it's not being accepted so just waste of money",2019-09-18,56,relevance,2019,68,-0.8083,negative,False,True,False,False,False,True,False,False,False,False,False,False,False,False,False
Nishant Roy,Why remove useful features? The app used to show the yearly spend targets and status for annual fee waivers of 100% and 50%. Now for the same thing I have to either sit and manually calculate or call customer care. Plus the app should have features to enable disable transaction channels and limits. These are baci things. Please bring back that first feature though.,2022-09-03,48,relevance,2022,64,0.8126,positive,False,False,False,False,False,True,False,False,True,False,False,False,False,False,True
Apurva Singh,"Could be better, need following things to get it to 5 star: 1) card payment within the app using debit,net banking and upi 2) redeem points within the app 3) need that pay through notification back it was a good feature 4) shows my total spending required to skip yearly fee. (It was there I don't know why you have removed it) 5) chat banker should have full access e.g if I want higher limit or any other request I don't need to connect to call centre. Have these then you guys will deserve 5*",2020-07-03,46,relevance,2020,95,0.6908,positive,False,True,False,True,False,True,False,False,True,False,False,True,False,False,True
U R C,"Why this app keeps opening in the background every few minutes. Its draining my phones battery, cpu and RAM unnecessarily.",2026-03-16,34,relevance,2026,20,0.0,neutral,False,False,False,False,False,False,False,False,False,False,False,False,False,False,False
A Google user,"The app lacks basic features like disabling the card, requesting new one, etc. My other cards have the feature to temporarily disable it from their app. Even for something as basic as disabling I had to go through the long process of calling them, selecting options in IVR, etc. Plus nobody accepts amex in Pune, Mumbai, and even Delhi. I wasn't told this when their executives contacted me advertising it.",2020-01-25,34,relevance,2020,70,-0.34,negative,False,False,False,False,False,False,False,False,False,False,False,False,False,False,False
A Google user,"App is very primitive. There are no options to control the card features such as temporary limit reduction, bar on intl transactions etc. Amex Pay is not useful as there is no eco sysytem within the app to initiate bill payments etc. The only positive is spends are listed and shown as soon as they happen. Otherwise, the app is useless.",2019-10-11,32,relevance,2019,61,-0.6604,negative,False,True,False,False,False,True,False,False,False,False,False,False,False,False,False
Vikash Kumar Rama,"Worst user experience, especially for payments. It drives me crazy. The payment page doesn't even show the due payment amount. Remember it else login again, which is somewhat fine, but enter card details twice again and do the payment. The apps product managers have done everything to make it most difficult for user in every area. This app suck.",2024-12-14,32,relevance,2024,59,-0.8894,negative,True,True,False,False,False,False,False,False,False,False,False,False,False,False,False
A Google user,"Amex card are loaded with benefit of earning more points easily by spending only few thousands and easy to redeem. since most of the small merchants and hotels do not accept amex payments, but however all online wallets and purchases goes good with it. Easily spend and earn thousands of points. Good customer support and great app user friendly. Loving it since 3 years",2019-06-27,31,relevance,2019,64,0.9881,positive,False,False,False,True,False,True,False,True,True,False,False,False,False,False,False
A Google user,I am not sure how this app actually helps end users because I am not even able to successfully log in to the app at first. Tried reinstalling it as per the customer cares advice but that even didn't work for me. Although - I am able to successfully login to the website where I could make the payment at last. Not happy as I spent good amount of time to ensure this app works fine for me and here I am with no further options or a way out,2019-11-13,30,relevance,2019,90,0.8615,positive,True,True,True,False,False,False,False,False,False,False,False,False,False,False,False
Sonal,"Hi, I want to request you for adding menu regarding total spending or yearly spending on the card for cycle by which we can know whether AMC is going to attract on our card or not. By adding this, customers can plan the spending to save the AMC. AMC period on the card should also be mentioned. Hope to see such features in the app. Thank you.",2021-05-28,29,relevance,2021,67,0.886,positive,False,False,False,False,False,False,False,False,False,False,False,False,False,False,False
Oj Sharma,Not a very easy features app.....??? Updates takes toooooo much time....???? Should reflect immediately....!!!! Lot of scope for improvement.... Amex have outsourced it's operations to standard chartered bank 🏦.....??? Very Very bad 👎 😕 decision.....? Call center is OK 👍 👌... !!!!!......VERY BAD 👎 TO KNOW THAT ITS OPERATION IS NOT IN HOUSE....????,2022-02-05,27,relevance,2022,53,-0.7442,negative,False,False,False,False,False,False,False,False,True,False,False,False,False,False,False
A Google user,Very nice interface after the update. Fingerprint authentication was much awaited feature in the application. Also now you can track ur monthly 1000 bonus points easily. Also the notification feature is good. Your Exclusive rewards program is superb. Well done!,2019-02-08,27,relevance,2019,40,0.9678,positive,True,False,False,True,False,False,False,True,False,False,True,True,True,False,False
Sridhar Rammurthy,"Using the app since 2016. Despite registering the cards on the app, for making a payment I need to manually enter to the card details everytime, Instead of it self populating or an easy drop down like other banking apps. Quite inconvenient.",2021-03-29,25,relevance,2021,42,0.1548,neutral,False,True,False,False,False,False,False,False,False,False,False,False,False,False,False
A Google user,"the app all of a sudden isnt opening and it says unable to connect wirh american express, please ensure you are on a trusted wireless network and ensure you have the latest amex app. tried uninstalling and reinstalled, same error apears instantly",2019-07-03,24,relevance,2019,42,0.7845,positive,False,False,False,False,False,False,True,False,False,False,False,False,False,False,False
A Google user,Lazy developers... even if you try to make a credit card bill payment from app... it goes to browser and asks card number... you should make it done within the app and not in a browser.,2019-07-31,24,relevance,2019,36,0.1027,neutral,False,True,True,False,False,False,False,False,False,False,False,False,False,False,False
Nikhil Baranwal,"The app was good before they started sending push notifications instead of otp for transactions. And that push notification will never come. You will have to click on send otp every time. Why can't we just get otp in first place. Now i will get a reply on this by amex stupid marketing team saying ""sorry for the inconvenience"" but they will not give the solution. What a waste.",2020-08-31,24,relevance,2020,69,-0.807,negative,True,False,False,False,False,False,False,False,False,False,False,True,False,False,False
Arijita,Horrible Credit Card Service Provider. Not at all Customer Friendly policies nor Customer Friendly Managers or Supervisors. When it comes to in terms of actions no tenure appreciation. I don't mean in words because Amex is too full of words but not in actual servicing nor helping Card Members when they are in need.,2021-12-07,23,relevance,2021,54,-0.6055,negative,False,False,False,False,False,False,False,False,False,False,False,False,False,False,False
ABHRAJYOTI BERA,"Card payment option should be more easy. When anyone logged in through the secured login id password, do we need to enter the card details for payment of dues. It's should be automatically synchronised. It is not possible to recall card number and if anyone using his/her secured login, why is it necessary to enter card details for payment. Rest are okay.",2020-08-03,23,relevance,2020,62,0.8687,positive,True,True,False,False,False,False,False,False,False,False,False,False,False,False,False
Jayesh Thakkar,"It seems that app is secured and excellent but as I use many bank apps I feel that it should increase its utility, such as at the time of card repayment the details of card will be inbuilt or automatically appear , as well as minimum or total payable amount should automatically display with option of a single click .",2022-01-17,23,relevance,2022,60,0.8316,positive,False,False,False,False,False,False,False,False,False,False,False,False,False,False,False
A Google user,Excellent app for Amex credit card users. Other credit card companies would take note on how to extend great user experience even outside of reward points/partnerships (especially HDFC/Diners Club who don't even have an app). I really love the newly added feature to track reward points and how many more spends are needed to reach the next milestone. Kudos!,2019-08-17,22,relevance,2019,59,0.9838,positive,False,False,False,True,False,False,False,False,False,False,False,False,False,False,False
A Google user,"very poor service, twice my payment got delayed irrepecte of the fact that i have made the payment on time... hve provided relevant proofs as well, but not getting anything in response... Dont know what are they doing with my statement.....",2019-02-23,22,relevance,2019,41,-0.2724,negative,False,True,False,False,False,True,False,False,False,False,False,False,False,False,False
Ritwik Nandi Mazumder,"Very poor user experience! I'm not able to get any benefit out of using this app! It's utterly unusable in most cases. Takes me to the browser for most things. Why even build an app in the first place then!? Oh, and the website is uttery horrible as well! Improve your app or you'll lose a customer!",2021-04-22,21,relevance,2021,57,-0.5805,negative,False,False,True,False,False,False,False,False,False,False,False,False,False,False,False
ranajit dwibedi,No body should opt for there card if you wish to use the card apart from metro cities. Since the card is not at all accepted visa and master card get accepted everywhere. One thing amex is known for is good customer service that has also worsen and rude. E.g Orissa not a single merchant accept their card neither 4 start hotels nor any merchants. Pathetic card,2021-10-31,20,relevance,2021,67,0.4559,positive,False,False,False,False,False,False,False,False,True,False,False,False,False,False,False
Thrivikram Mudunuri,"The app is pretty barebones, I'd appreciate the following additions: • Display ongoing partner offers. • Securely store card details for when we're not carrying the card. • Submit standing instructions for bills (instead of needing to call CC). • List & unlink linked apps. • Set daily/monthly transaction limits (temporarily blocking the card doesn't serve the same purpose). • Toggle CNP, international, domestic, cash and contactless card transactions. • Tweak ezeClick & SafeKey settings.",2020-08-20,19,relevance,2020,75,0.6908,positive,False,False,False,False,False,True,False,False,False,False,False,False,False,True,False
Nitesh Kumar,"An app which delivers more than expectations. Truly innovative, easy to use and with all information available (Statement, Reward point credit and prompt customer service). I must say, I am in awe of such development. App developers at Amex are really the best. No any app and I repeat, no any app has impressed me this much in last 1 year. And, Amex services are, truly premium. The only card, for which annual fee makes sense, because Amex delivers more than that.",2021-02-17,19,relevance,2021,82,0.9686,positive,False,False,False,True,False,True,False,False,True,False,False,False,False,False,True
theworldsaviour,"While I never had any issues with the service or customer interface, I am so very disappointed with the app version. In the agreement part, they clearly mention we will track you , your password and target you with specific ads to lure you for more purchases. Amex Team, Can you please not poke nose in my personal matters, I am ok to use my card wherever I'd like (legally), but don't want to be controlled. Will be uninstalling this app till this Terms & condition is revised.",2021-02-05,18,relevance,2021,88,0.5471,positive,True,False,False,False,False,False,False,True,False,False,False,False,False,False,False
A Google user,I like the clean and easy use of Amex Credit Card application than others which i use or have seen. The NFC feature is awesome however Bharat QR doesn't always work. Only thing to Amex India is if they can expand more with the vendors still I face many vendors who doesn't expect Amex card. Rest everything is great with this app.,2019-10-26,18,relevance,2019,62,0.941,positive,False,False,False,False,False,False,False,False,False,False,False,False,True,False,False
SHASHANK SHEKHAR,"Nice, intuitive and power packed, I like specially the feature to interact with always supporting customer care executives via chat whenever in question or confusions, rest offers are also amazing., overall a great product. What they can improve is billing Cycle which compel to pay from salary of same month, with bill date of 3rd of Next month and 20th being due date. Whereas in others, bill gets generated on 18th of next month, due date is 7th of next2next month for current month expenditures.",2020-12-22,17,relevance,2020,85,0.9633,positive,False,True,False,False,False,True,False,True,True,False,False,False,False,False,False
A Google user,the app and the overall experience is nice but the i face problem logging into the app a lot of times. Regularly after few days the app crashes when you click it or it doesn't let you sign in. I have to uninstall and reinstall the app post which it works perfectly fine. I have to do this once or twice a month. This is very strange.,2019-06-18,17,relevance,2019,67,0.5734,positive,True,False,False,False,False,False,False,False,False,False,False,False,False,False,False
Gaurav Jain,"Feel pretty cheated by Amex. Spent a lot on their card to get decent reward balance. While trying to book flight no option to use points. Customer care said you cannot use points directly, you have to put a request and will get voucher within 3 days. That's a pathetic TAT, and for utilising my reward points for which I have spent money n paid annual charges on Platinum Travel. Basically just ways to cheat, such a big credit card company not allowing us to use the rewards they advertise so much",2020-10-20,17,relevance,2020,92,0.7351,positive,False,False,False,True,False,True,False,False,True,False,False,False,False,False,True
Purushotham M,"Lot of improvemenys required. For ex. 1. Make payment must be seamless with option of UPI or Netbanking. Now it takes you a webpage and asked for login again. 2. Rewards multiplier..even though I logged in on App, after clicking, takes to again a webpage and ask to punch the card number. People don't cary card always in their pockets. 3. Bharat pay doesnt work. There is no WoW exp. with this app. Just for viewing for balance its okay.",2021-08-03,17,relevance,2021,80,0.2091,neutral,True,True,True,False,False,True,True,False,False,False,False,False,False,False,False
JK,Payment is very difficult. U need to fill all the details of card every time. For reward multiplier u need to again enter card details. Y should we have to enroll for these things everytime. Just enable it by default for everyone or atleast give that feature in the app which is directly linked to the card and can be enabled easily,2021-08-29,16,relevance,2021,62,0.5118,positive,False,True,False,True,True,False,False,False,False,False,False,False,False,False,False
Chandrashekar Anandan,"Never seen this type of bank in my life. In new state found an charge of Rs:500 for late payment. But payment was made 4days before the due date. When checked with support team they say I have paid 0.68paise less in previous payment. Don't know what to say.looks like this is not bank, feel like an money collecting machine for wrong reason. This how bank is running business. Also makes false promises while purchasing the card.",2021-04-22,16,relevance,2021,77,0.5244,positive,False,True,False,False,False,True,False,False,True,False,False,False,False,False,True
A Google user,"The app is good to manage the credit card bought from AMEX. It does have the fingerprint feature which will allow you to login securely and easily. But, it needs improvement such as updation of the payment of due immediately.",2019-12-26,16,relevance,2019,40,0.8625,positive,True,True,False,False,False,False,False,False,False,False,False,False,False,False,False
Pratik N Pattewar,"The app is very good. Easy interface, updated transactions. Most of the services/ options are available on the app itself. Reward points, encashment, service, tap to pay limit, etc. Even new card activation can be done via the app itself. There is 1 shortcoming in the app, nothing to show the card details like card number, expiry, cvv, which is available on other banks app like icici, citi, axis. Thank you.",2024-08-14,16,relevance,2024,71,0.9475,positive,False,True,False,True,False,True,False,True,False,False,False,False,False,False,False
A Google user,"No option to see Total Credit Limit, Used Credit Limit on the mobile app landing page. Why don't you provide the 3 options togather on the app landing page: Total Credit Limit Used Credit Limit Available Credit Limit. These things will help the customers to get to know at a single glance. Other Bankers are providing the best features... But you guys are not having good programmer with you?? Or you guys are tired of doing this?? You better try to use the other banking apps. You will get to know.",2019-11-25,15,relevance,2019,91,0.7902,positive,False,False,False,False,False,True,False,False,False,False,False,False,False,False,False
Nilaksh Mehra,"No wonder amex is the top rated card co. In the world. Amazing services, amazing customer care, amazing rewards redemption options, amazing collaborations and perks & app too is simple and user friendly. I believe only thing amex lacks is that it is not accepted at small merchants. I believe if amex should charge a lesser MDR(merchant discount rate) from small retailers and pay 1/2 rewards or 1/3 rewards than normal to cardholders . Still amex is the best!",2020-11-22,15,relevance,2020,79,0.987,positive,False,True,False,True,True,False,False,True,True,False,False,False,False,False,True
Vishal Patil,"Hello, Most of the time when trying to go inside ""Transaction Security Settings"" it takes too much time and many times logout happens and unable to change the limit or usages settings of the card. This is very much important option for security from the fraudulent transactions and that is not working perfectly. So zero rating from me.",2024-09-07,15,relevance,2024,58,-0.1753,negative,True,False,False,False,False,True,True,False,False,False,False,False,False,False,False
Vikrant Sharma,Decent app. Lacks payment feature. It would have been best if make payment option directly opened in app itself and provided and easy to go payment option within app itself. Navigating outside app to browser and re entering card number and other details is too redundant and obsolete.,2021-06-01,14,relevance,2021,48,0.7351,positive,False,True,True,False,False,False,False,False,False,False,False,False,False,False,False
A Google user,"It was frustrating a lot while adding Amex credit card in phonepe application. The safekey of AMEX is not progressing either through push notification or OTP. It is not throwing option to enter OTP after it is received. In another instance, while trying to Swipe AMEX credit card in POS, it is taking longer time and timing out.",2020-03-19,14,relevance,2020,58,0.3182,neutral,True,False,False,False,False,False,False,False,False,False,False,True,True,False,False
Ritesh Singh,"It's a brand and services are very good, but still it is not accepted widely across all the merchants due to high transaction fees. Amex needs to lower the fees so that all the merchants accept this card. I guess Amex is listening to customers feedback.",2021-02-13,14,relevance,2021,46,0.1219,neutral,False,False,False,False,False,True,False,False,False,False,False,False,False,False,False
Prasad Ponkshe,"The app currently lacks some basic but essential features that affect usability. When trying to pay credit card bills, it redirects to a web page where I’m required to log in again—this extra step is unnecessary and frustrating. Additionally, the app does not display the total outstanding amount on the payment page, and it requires manual entry of the credit card number every time. This defeats the purpose of having a convenient mobile app",2025-06-23,14,relevance,2025,74,0.7432,positive,True,True,True,False,False,True,False,False,False,False,False,False,False,False,False
S R,Amex cc is nice but only issue is the acceptance of the card. Most of the places/swipe machines the card wont work/not accepted by merchant.,2021-03-26,14,relevance,2021,25,0.5689,positive,False,False,False,False,False,False,False,False,False,False,False,False,False,False,False
Sumesh P,The app update wiped out payment reminders and I ended up incurring charges☹️. This is the second time it is happening. I don't want to pay for silly app development issues. Please restore user settings after an app update. If it cannot be done due to technical reasons at least alert the user to set it up again.,2022-10-14,14,relevance,2022,58,0.3343,neutral,False,True,False,False,False,False,False,False,False,False,True,True,False,False,True
Ranjan Mahajan,"The most useless card with the most useless app ever created. You can't pay credit card bill from app (need to enter credit card details, which are again not available on app). You can't see the max limit on your card. Your transactions will get declined with no reason specified. Update Still the worst app. You click on forget password, enter all details and change password and then login with new password and account blocked. Amex itself doesnt want you to use its cards",2026-05-15,13,relevance,2026,84,-0.9185,negative,True,True,False,False,False,True,False,False,False,False,True,False,False,False,False
Rajesh Thakor,"Superb card and App,I recommend this card and also extremely support customer service,thank you Amex.i have ratting erlier ⭐⭐⭐⭐⭐ but right now amex Team not supprt and also so card have unused no any merchant accept this card. ,Also without any information reduce your limit any time.",2021-03-28,13,relevance,2021,47,0.7092,positive,False,False,False,False,False,True,False,False,True,False,False,False,False,False,False
Prasad Balan,"Its a great experience speaking to the customer care...but not a good one to use the card. however after making the payment, it still takes takes 3 to 4 days to get the amount reflected and updated on the card.",2021-04-14,13,relevance,2021,40,0.4007,positive,False,True,False,False,False,False,False,False,True,False,False,False,False,False,False
A Google user,Great app. Clean interface and good summary view. Would request for a fingerprint login option in the Android version of the app. The feature is already available in the iOS version for the past two years. Updated Review: 28 Jan 2019 And we have the finger print login option. Thank you for enabling it on Android version,2019-01-29,13,relevance,2019,57,0.9042,positive,True,False,False,False,False,False,False,True,False,False,False,False,False,False,False
Pritesh Kodgire,Card is mostly not accepted anywhere and on top of it lot of hidden conditions for reward points and offers. Don't trust them. Change their terms and conditions without any update and clear terms. Card fees is also 4500 +gst per year,2020-09-21,13,relevance,2020,42,0.555,positive,False,False,False,True,False,False,False,False,False,False,True,False,False,False,True
Avaneesh Dash,"Although I got a low credit limit of just 2.3 Lakhs, the claims American Express made is true. They have a World Class customer resolution service which you can contact through chat on the app or call them and talk to a real person directly. The smoothness of the payments I have made are incredible. The app has amazing animations. However almost every action requires you to go to the Amex website which is annoying and slow. You need to enter OTP every time you log into the app.",2022-11-05,12,relevance,2022,89,0.6597,positive,True,False,True,False,False,True,True,False,True,False,False,False,False,False,False
Kushal Shah,App rating is 1. Amex customer support is good . Even after registering card in app while making payments you have to enter card details again. I use Amex pay (card less) or online tool to make trnxs so I never had card with me. While making payment you have to have card so there are high chance that you miss payment and attract high charges for delayed payments,2021-04-07,12,relevance,2021,69,0.6249,positive,False,True,False,False,False,False,False,False,True,False,False,False,False,False,True
A Google user,So far I have had an excellent experience with you guys. I love the new interface on the app. Fingerprint login had to happen and I've had no issues so far. I would much rather prefer to see my own card displayed on login instead of the Nisha sharma's 😁😂😅.,2019-03-06,12,relevance,2019,50,0.9337,positive,True,False,False,False,False,False,False,True,False,False,False,False,False,False,False
Himanshu Matharu,"This app is good and easy. UX deserve 100. One issue is the syncing of statements in the app, as it takes time. While the credit limit updates in real time, the statement doesn't. The AMEX support is awesome and I believe the best of all in Indian Market.",2021-05-03,12,relevance,2021,49,0.9376,positive,False,False,False,False,False,True,False,True,False,False,False,False,False,False,False
A Google user,"While using tap-n-pay, most of the time, it shows an error 'payment cannot be made at this time'. Have to go through several steps to get an option for payment to merchant. UI is poor.",2019-03-30,12,relevance,2019,35,-0.7003,negative,False,True,False,False,False,False,True,True,False,False,False,False,False,False,False
Ritwik,"Just started using the app since yesterday so far it has been a great experience. Only compliant would be that the digital card does not provide my actual card details and there is no way to copy the card numbers directly from the app itself. Also, the white corners on the digital card looks pretty ugly, request the UI team to fix that please.",2024-08-21,11,relevance,2024,64,0.6249,positive,False,False,False,False,False,False,False,True,False,False,False,False,False,False,False
Rahul,Good app. But the annual fees is very very high compared to its counterparts. The rewards program in this card where you can pay your credit card bills with the rewards points itself is the best.,2021-06-03,11,relevance,2021,36,0.9631,positive,False,True,False,True,False,False,False,False,False,False,False,False,False,True,False
Nitish Tyagi,"Pros: Ease of tracking payments, excellent customer support on chat. Good reward points tracking. Easy login. Smooth app. Con: The option to see total spends in the annual cycle is removed. It was a very helpful option to get the annual fee waived off. Please get it back in the app.",2024-04-04,11,relevance,2024,51,0.9712,positive,True,False,False,True,False,False,False,False,True,False,False,False,False,False,True
A Google user,"it is one of the most highest previleage company. they serve their clients in best manner. But sometimes they let you down by thier words, which is just not acceptable. If you want loyal services then you should apply only for bigger credit limit cards only. Its felt like over-promise and underdeliver.",2019-07-29,11,relevance,2019,52,0.8692,positive,False,False,False,False,False,True,False,False,False,False,False,False,True,False,False
Bps P,"Customer Service is Good. But, -Appl is slow, -Reply from Representative is not updating automatically until Chat box(everytime need to refresh/go back).",2021-03-20,10,relevance,2021,22,0.2382,neutral,False,False,False,False,False,False,True,False,True,False,False,False,False,False,False
A Google user,"Fingerprint doesn't work for my device Vivo Y83 Pro, when I try to enable fingerprint option it says Authentication failed due to incorrect date & time but my date & time on my device are absolutely fine. Can you guys help me fix it please ?",2019-01-22,10,relevance,2019,46,0.7899,positive,True,False,False,False,False,False,True,False,False,False,False,False,False,False,False
Anil Sunda,This is one of the best apps. User friendly interface and easy to manage. They provide timely update about offers. AMEX is completely transparent regarding Reward Points earned on Card spends and updates the same on the very next day.,2021-01-25,10,relevance,2021,40,0.9356,positive,False,False,False,True,False,False,False,True,False,False,True,False,False,False,False
shankar pradhan,simple app. i would suggest one point. At the time of payment i have to grab by card everytime so like other bank if it is possible either remove the necessary to put card no. or bank should itself provide card no at the payment window so that everytime i dont have to grab card to put its number manually. It will save online payment time.,2020-08-04,10,relevance,2020,66,0.6748,positive,False,True,False,True,False,False,False,False,False,False,False,False,False,False,False
sunny singh rajput,"The application's user interface is quite poor and not very intuitive, making navigation difficult and frustrating. There's also no direct payment system, which adds unnecessary steps to the transaction process. Additionally, the lack of clear information about rewards or benefits is disappointing—it’s hard to know what incentives, if any, are available. Overall, the app needs major improvements in usability, functionality, and transparency.",2025-04-18,10,relevance,2025,62,-0.128,negative,False,True,False,False,False,True,False,True,False,False,False,False,True,False,False
Aarun Kumar,I think the app fails bcz the card fails big time. Hardly any retailers and medium size restaurant accept amex card. Even none of the app accepts for rent payment. Will have to close.,2021-10-22,10,relevance,2021,34,-0.1779,negative,False,True,False,False,False,False,False,False,False,False,False,False,False,False,False
jatesh sachdeva,"Pathetic customer support. Don't have their internal payment system redirects you to external webpage for payment. Don't have any common email id for any request, every time you need to call them and waste time on IVR to find out you cannot get any resolution.",2021-01-30,10,relevance,2021,45,-0.5859,negative,False,True,True,False,False,False,False,False,True,False,False,False,False,False,False
A Google user,Not good at all. Issues with payment. Not able to make payment smoothly. I made the payment 2 days in advance by no message or email from Amex. Also issues with merchants. Amex card is not accepted in almost 90% of the merchants I use. There I am forced fo use my Axis bank credit card.,2019-12-09,9,relevance,2019,56,-0.7022,negative,False,True,False,False,False,False,False,False,False,False,False,False,False,False,False
mi cabg,"Crisp,Hasselfree and neat..all the useful information available. One significant issue is there are lot of unnecessary informations also !!promotional...like benifit of other card and all...no need in my opinion as this leads to unnecessary confusion also difficulty in finding the useful informations. No way to track the benifit offered and benifit availed.. Great if this is incorporated.",2021-09-13,9,relevance,2021,57,0.7568,positive,False,False,False,False,False,False,False,False,False,False,False,False,False,False,False
Srinath Santhanam,"Great app provides accurate information and easy of use . It would be more convenient if more details are shown for reward points (MB) as shown in web my points pages, points gained for each transaction. would rate it five if more details are provided on membership points. Update : Thanks for adding reward redemption and view points support in the latest update in app. Updated my star to 5 .",2020-05-06,9,relevance,2020,71,0.9705,positive,False,False,False,True,False,True,False,False,False,False,True,False,False,False,False
A Google user,"I have been using this app from past 4 months, from past few days login is not working. I am getting 'we are sorry' message. Tried uninstalling and reinstalling but the issue did not get resolved even check with CC but they were saying no issue from their end. Please fix this is issue.",2020-02-15,9,relevance,2020,54,-0.1967,negative,True,False,False,False,False,False,True,False,False,False,False,False,False,False,False
A Google user,When I try to make payment it opens another browser link in which I have to re-enter all my card details to complete the payment. Instead they could have retained the card details from the app as other credit card apps do. Because I have to open my wallet again and again to enter the card details. Please upgrade this part if possible.,2019-11-05,9,relevance,2019,63,0.6124,positive,False,True,True,False,False,False,False,False,False,False,True,False,False,True,False
gaurav kumar,"Do we have a feature of viewing total annual spend till date? I don't see any such option even in latest version. Also, it's high time you add an in-app payment options, current it directs to a website.",2021-08-15,9,relevance,2021,38,0.0,neutral,False,True,True,False,False,True,False,False,False,False,True,False,False,False,False
Naitik Vyas,This is not for app but to share that paying 60k for this card is of no use as for Indians. Card is not accepted in reputed brands as well. Travel portal doesn't work properly and has limited options to choose.No reward points on insurance and zero offers on movies. They just want you to spend on hotels. That's it. There are way better cards available in the market with no or lesser membership fees. Total dissatisfied after using for 1 month and tried multiple things. I hope that it improves.,2024-03-21,8,relevance,2024,91,0.8844,positive,False,True,False,True,False,True,True,False,False,False,False,False,False,False,False
nirmal thakkar,"Best application in credit card segment. All in one features and help customers via chat massage also is very nice this feature is recently added. More improvements can be done. Like example : rewarded catalogue on application, direct point redumtion, instant loan on card, upgrading the card, add on card request, benefits of currently holded card , block card, resume card, manage card limit ,scan and pay directly from application etc etc.",2020-05-02,8,relevance,2020,72,0.9595,positive,False,True,False,True,False,True,False,False,True,True,False,False,True,False,False
A Google user,"Offline use with the amex card is too horrible. Most of the swip machines are not supporting it and you guys will get hilarious comments/suggestions from CC executives when u ll ask them that plz add money to your paytm wallet using this card, go for online shopping bla bla bla.... But what abt the offline transactions ??? Everything we can't get from online r8... so one 🌟 rating",2019-02-20,8,relevance,2019,69,-0.5413,negative,False,False,False,False,False,False,False,False,False,False,False,False,False,True,False
A Google user,"After the latest update, unable to login to the app. 'Sorry , there was an error loading this content - please try again later' message is the only activity in app. This needs to be fixed atmost. later will share on the other app feedback.",2019-05-08,8,relevance,2019,45,0.128,neutral,True,False,False,False,False,False,True,False,False,False,True,False,False,False,False
Capt Anvesh,QR scan payment is a big mess. Half of payments are not supported . Chat support in app doesn't work 24#7. Customer support doesn't mean what they promise. Useless support system. Doesn't justify the so called excellent support system.,2021-08-24,8,relevance,2021,39,0.8773,positive,False,True,False,False,False,False,True,False,True,False,False,False,False,False,False
JJagdish kumar Singh,Good but not very customer friendly.login process is very complicated. everytime you to put new passward and finding a new passward us an uphill task. Opening of application should be with pin code like other bank application.,2021-06-22,8,relevance,2021,37,0.6369,positive,True,False,False,False,False,False,False,False,False,True,False,False,True,False,False
Geetika Bansal,"The app is literally a waste. I have just bought a new amex card and the app only suggests how to pay your amex bill. No details of benefits, how to enrol (also the enrolment process takes almost a month to be active). Even a transaction takes days to reflect in your statement. Never thought Amex would be so slow and lack basic customer service.",2025-11-30,8,relevance,2025,65,-0.3947,negative,False,True,False,False,True,True,True,False,True,False,False,False,True,False,False
mooseRuse 295,"Smart, intelligently designed, easy to use & incorporated maximum functionalities needed to manage one's card. I recommend all amex card fraternity to install & experience it themselves. I should confess, it's another exemplary testament to Amex India's relentless endeavours to offer best to their customers, ensuring they experience amazing services. Truly, stupendous efforts & good luck to Team Amex, to continue doing the marvellous job. regards.",2020-07-06,8,relevance,2020,66,0.9821,positive,False,False,False,False,True,False,False,False,False,False,False,False,False,False,False
Sarin Bhaskaran,Can't even pay credit card bills easily with this app! You need to remember and type in your credit card number every time. I don't know why AMEX is ignoring their app like this.,2021-01-31,8,relevance,2021,34,0.5429,positive,False,True,False,False,False,False,False,False,False,False,False,False,False,False,False
Ashutosh More,"Application is pretty decent, loaded with many features. Still lacks some features though, like Adding/Saving offers to card can only be done via NetBanking and NOT through the App. Please integrate this feature in app as well which in turn will be hassle-free.",2021-07-03,8,relevance,2021,43,0.8442,positive,False,True,False,False,False,False,False,False,False,False,False,False,True,False,False
A Google user,"It's Great to use the Amex app, mostly because, it keep things simple, and we are able to get the work done, in less time and be efficient. Highly appreciated the efforts put it to make the same so much user-friendly 5 Star Rating to Amex for this !",2020-03-20,8,relevance,2020,49,0.8953,positive,False,False,False,False,False,False,False,False,False,False,False,False,False,False,False
Parshva Doshi,"The app is good however, I am unable to download my statement in pdf. Nothing happens when I click on that option and the download doesn't start. Please fix this issue.",2021-06-01,8,relevance,2021,31,0.2354,neutral,False,False,False,False,False,True,False,False,False,False,False,False,False,False,False
Amit Mehta,If I am logged in into my account from the app and I wish to make a payment towards credit card spends and if I press make payment now button then my card details and all the required info of the Amex Card should be automatically filled up (Card info to be picked up from the app as I am already logged in) and I would just be needed to filled up my bank details.. right now I have to fill up the details of the card manually which is not very comfortable. SBI card app can be used for reference.,2021-08-05,7,relevance,2021,101,0.3359,neutral,False,True,False,False,False,False,False,False,False,False,False,False,False,False,False
A Google user,"Great App for knowing everything about your account, also timely reminders assist in pre-planning the card expenditure. Scope for improvement:- 1. EMI options should be included. 2. Reward points summary can be included. 3. Redemption options can be included. 4. Benefits & offers should be displayed.",2019-10-02,7,relevance,2019,46,0.9246,positive,False,False,False,True,False,True,False,False,False,False,False,False,False,False,False
Madhuri Wadhwa,"This is a poorly designed app with minimal/no use at all besides for verifying spents and downloading statements. The company is lethargic, they do not even send your card statements. Also, on app you can not do even the bare minimum usage as on their unfriendly website. Can't recommend this Bank card to anyone.",2020-10-06,7,relevance,2020,54,-0.7013,negative,False,False,True,False,False,False,False,False,False,False,False,False,False,False,False
Safeeque Khan,"Fraud Bank_Very disappointing service. I surrendered my credit card 3 months ago, but the credit balance has still not been refunded. Multiple follow-ups, no resolution. This shows poor customer service and lack of accountability. Not expected from a reputed bank. Please resolve this urgently.",2026-01-03,7,relevance,2026,44,-0.431,negative,False,False,False,False,False,True,False,False,True,False,False,False,False,False,False
A Google user,I just loved American bank services. One thing I really love them about is how happily and politely they are taking care of their customers. Always talk in a positive way and ready to help customers and understand their financial condition when it comes to reverse any mind of charges on card. Would recommend other as well to use the services of this bank.,2018-09-25,7,relevance,2018,64,0.9788,positive,False,False,False,False,False,False,False,False,False,False,False,False,False,False,True
A Google user,"good and easy to use, i will give 5 star if they can ensure more security, as the finger print can easily be taken, on top of finger print a small voice command or question need to be included. as it demands the conciousness of the person.",2019-02-27,7,relevance,2019,47,0.923,positive,False,False,False,False,False,False,False,False,False,False,False,False,False,False,False
A Google user,A great clean and no nonsense app. However would like to see option to make payments from inside the app using debit card as a feature ( hence 4 stars and not 5).,2020-03-14,7,relevance,2020,33,0.89,positive,False,False,False,False,False,False,False,False,False,False,False,False,False,False,False
Ritesh Goel,Awesome card and best customer care services on phone and provide attractive offers but there is a big problem that only 10% merchants accept this card for payment not a user friendly card like other credit ccards this is the main draw back,2021-11-01,7,relevance,2021,43,0.8252,positive,False,True,False,False,False,False,False,True,True,False,False,False,False,False,False
Shubham Ranjan,"Only UI is good. Not sure what the customer experience team is doing here. A lot of web views like when we want to pay the bills, opens a webview where I need to enter my details again. Pointless of having this app.",2020-10-02,7,relevance,2020,43,0.5168,positive,False,True,True,False,False,False,False,True,False,False,False,False,False,False,False
A Google user,"Simple to use for tracking cards and expenses, but lacks some of the advanced options from the desktop website. Also, would have been nice to see supplementary cards in the same view, rather than through another login ID",2020-03-04,7,relevance,2020,38,0.7351,positive,True,False,True,False,False,False,False,False,False,True,False,False,False,False,False
A Google user,"Tried 10 times to book travel with this app, everytime in between it gets stuck and refreshes back to home page and everything gets reset and needed to be entered again. Finally booked my flight via Paytm. What's the use of your stupid points if we cannot use them. Going to close this card soon.",2019-11-01,7,relevance,2019,55,-0.6597,negative,False,False,False,True,False,False,True,False,False,False,False,False,False,False,False
Dipanshu Saini,"Worst credit experience, I requested to close the account in October as I don't want to pay renewal fee. They offered me another card saying that there will bo no renewal charge. After 5 months, I got to know that previous account is still active and they didn't even sentd me the statement. Now, I asked them to send statements and there are Late payment fees every month. Without statement, how can I pay you, even card was destroyed as suggested by you. 👎👎👎👎👎👎👎👎👎👎👎👎👎👎👎👎👎👎",2021-03-01,6,relevance,2021,84,-0.6732,negative,False,True,False,False,False,True,False,False,False,False,False,False,False,False,True
Dhananjay Patankar,"Poorly designed app. Even after logging in with password and OTP, just for making a payment I have to enter card number, re-enter it, and give email id and phone number. Every time. This is extremely irritating. And totally stupid. Why enter these details after securely logging in to my account which already has all the information? Why?",2023-11-04,6,relevance,2023,58,-0.6537,negative,True,True,False,False,False,False,False,False,False,False,False,False,False,False,False
Balaji Vasanthasekar,The App is very basic. You can just view your balance and statements. Payments and Rewards redirect you to browser and it's not in-app. There are better apps to tack balance and unsettled.,2020-12-26,6,relevance,2020,33,0.5719,positive,False,False,True,False,False,True,False,False,False,False,False,False,False,False,False
dharmesh patel,"Disappointing...Even if u pay bills using their Portal/app it will take at least 2 days to reflect in account and they charge u for late fees ... Most of the stores denied to take Amex, extra money you have to pay if u use it for fuel. Good for nothings...",2021-03-09,6,relevance,2021,50,-0.2023,negative,False,True,False,False,False,False,False,False,False,False,False,False,False,False,True
Siddharth Desai,My login doesn't work any contacting support on their phone number doesn't work. The automated system says there's a problem accessing my account and redirects me to download this app instead of just connecting me to an agent. Rubbish customer support. EDIT: The app did not work either addressing my problem. I got access to another customer service number through which I could finally speak with a human and resolve my issue.,2026-01-10,6,relevance,2026,72,0.4939,positive,True,False,True,False,False,False,True,False,True,False,False,False,False,False,False
A Google user,Its a SCAM EXPRESS not American Express. They will levy finance charge worth thousands rupees even if you make minimum payment to avoid any penalties which was never told to you. In layman's term the minimum amount to pay is the amount you should pay to avoid any kind of penalties. myself definitely gonna close this card and whosoever reading this review never I repeat never go for Scam Express / America Express as an credit card option and always check your statements before making any payment.,2019-03-02,6,relevance,2019,87,-0.1116,negative,False,True,False,False,False,False,False,False,False,False,False,False,False,False,True
A Google user,"Payments should be reflected immediately, like in other bank cards. Even debits from the amex card is also not reflected immediately.",2019-06-21,6,relevance,2019,21,0.3612,positive,False,False,False,False,False,False,False,False,False,False,False,False,False,False,False
SAIF,The options comes & go randomly! Can't Do certain actions most of the time. Like after installing the app again it's not allowing me to enable fingerprint again! The refer a friend comes & goes every few hours. The chat option also is unavailable on my Pixel 6a for last 2 weeks or so. Available on iOS. That too disappear for hours at a time. I mean what the heck AMEX?! Fix this basic issues it's making my life hell. I newly joined amex. edit; works fine now,2025-09-13,6,relevance,2025,88,-0.3999,negative,True,False,False,False,False,False,False,False,True,False,False,False,False,False,False
Venkatesh Prabhu Ganesan,"The white interface from the recent update is not good. Bring back the blue one. Also, not able to see the reward points earned.",2021-03-18,6,relevance,2021,24,0.3169,neutral,False,False,False,True,False,False,False,True,False,False,True,False,False,False,False
Avinav Prince,Worst App ! Login error always. You'll be unable to pay bills on time and get late payment charges which is also very high as per other cards in India. Also the card is not acceptable outside prime cities and selected stores and petrol pumps. You'll have to use your other card always. No positive impact. Close this Card right away!,2021-07-20,6,relevance,2021,61,-0.9296,negative,True,True,False,False,False,False,True,False,False,False,False,False,False,False,True
A Google user,"App is neat but registration for AMEX pay not working. After accepting T&C, the app requests for permission and then goes into loading mode and doesn't come back. The back buttons also don't work. So only option is to kill the app. Pls fix the loading part so that i can register for AMEX pay.",2019-10-11,6,relevance,2019,55,-0.8772,negative,False,True,False,False,False,False,True,False,False,False,False,False,True,False,False
abhisek kar,"This app doesn't provide a mature payment feature, what ever I open it takes me to a third party page which I don't like much. Specifically I have to remember my payment amount while paying the bill and have to enter my card number manually. So what's the use of this app.",2021-06-30,6,relevance,2021,52,-0.1134,negative,False,True,False,False,False,False,False,False,False,False,False,False,False,False,False
Yash Pandey,"The update is worst. The app always shows not responding, server time out. The previous version was very smooth and comfortable.",2020-12-20,6,relevance,2020,21,-0.1372,negative,False,False,False,False,False,False,False,False,False,False,True,False,False,False,False
venkat senthil,"I had a very experience with amex. Amex cards are hardly accepted in india. Some websites either don't accept or charge extra for using amex card. For international payments, charges are 5 to 7 times higher than the other credit cards. Even after paying huge annual fee, we won't get access to international lounges in Indian Airport. Always facing error while redeeming my reward points through app. I never recommend amex card to anyone in India.",2024-01-19,6,relevance,2024,76,0.3211,neutral,False,True,True,True,False,False,True,False,False,False,False,False,False,True,True
A Google user,Managing Card Spend Limit is not available Card Blocking is not available We do not have any security options over the card. Even SBI and CiTi is providing complete card management in app. But AMEX do not have such provision in the app. Very Poor and useless app. How to give 0 ( zero ) star 😉,2019-03-09,6,relevance,2019,57,-0.8628,negative,False,False,False,False,False,True,False,False,False,False,False,False,False,False,False
A Google user,The latest update to the AmEx India app is outstanding! I can clearly see my balance across all cards at a quick glance and navigate through the very easy-to-use UI smoothly. The look and feel from the new update is very classy. Keep it up guys! ♥,2019-06-06,6,relevance,2019,47,0.9401,positive,False,False,False,False,False,True,False,True,False,False,True,False,False,True,False
VC Chowdary,"Best app with extraordinary staff ever ready to respond, understand the issue, act and solve. I have never come across call centre staff being so professional, courteous and eager to help customers. I salute the Team Amex!",2020-11-27,6,relevance,2020,37,0.9483,positive,False,False,False,False,False,False,False,False,False,False,False,False,False,False,False
Mihir Sachdev,If we can get an option to convert our transactions into EMIs in the app. Many credit cards apart from Amex do offer this in the app. Just for such a thing we have to wait for long to get our calls answered. Not sure if Rewards can also be redeemed in the app. If these 2 features come in the app then nothing like it.,2024-04-14,6,relevance,2024,66,-0.1842,negative,False,False,False,False,True,False,False,False,False,False,False,False,False,False,False
Ron Mani,"worst credit card in premium money & worst customer support. Better to go for other Bank premium variant Credit Cards, which offer the same kind of services at less cost. Earlier amex cards offer exclusivity feeling as not all were eligible for Amex cards. Now its same like other companies like ICICI BANK etc, but not satisfactory customer support. They sell the same third party services like insurance at a much higher rate than the first party itself. Now its like buying Brass at rate of gold.",2026-03-07,6,relevance,2026,87,0.9021,positive,False,False,False,False,True,False,False,False,True,False,False,False,False,False,False
Kapil Seth,not a user friendly app.. has to write cc number for payment .. it should be automatic.. Cutting down my rating from 2 to 1.. amex card becomes an overhead due to no customer service in app.. will try to surrender the card soon.. Even after 4 years my reviews are same.. Shame seriously shame,2022-06-14,6,relevance,2022,55,-0.8985,negative,False,True,False,False,False,False,False,True,True,False,False,False,False,False,False
Akshay Chillal,"Wonderful app. Very user friendly and gives a nice overview of card spending, reward points and accessing the statement. I really love their customer support team. They are professional and ensure to provide right solution. Great work Amex team 😊👏",2021-09-27,6,relevance,2021,40,0.9881,positive,False,False,False,True,False,True,False,True,True,False,False,False,False,False,False
Nimish v Thakrar,"Smooth UI. User friendly. Only 1 flaw, while making payment one needs to punch in the card number manually, even if ur already logged on to the app. which does not make sense to me and compels me to give 4* in place of 5*",2020-10-19,6,relevance,2020,45,0.5423,positive,False,True,False,False,False,False,False,True,False,False,False,False,False,False,False
rishi raj shrivastava,With the new update. The app doesn't logout when you kill it. It keeps the session ON and I have to logout manually. Please fix it. This is a security issue.,2021-02-05,6,relevance,2021,31,-0.25,negative,True,False,False,False,False,False,False,False,False,False,True,False,False,False,False
A Google user,Needs a total makeover. The app should display account holders card instead of dummy sample card(nisha sharma) upon login. There should be option of redeeming points into cash in app only. The offers section should be added in app. History of reward points should be available in app.,2019-04-27,6,relevance,2019,48,0.5719,positive,True,False,False,True,False,True,False,False,False,False,False,False,False,False,False
jitender singh,Excellent customer service and excellent app.. the chat option is worth a special mention. Never faced a single issue..,2021-10-27,5,relevance,2021,19,0.9001,positive,False,False,False,False,False,False,False,False,True,False,False,False,False,False,False
Pankaj Nagu,"App is not that friendly to use. Issues like when u initiate a payment it asks u to enter details like login I'd &pw followed by card details, cvv no, phone no,email id and payment amount etc making it a cumbersome process. There is no use of having an app if u have to enter all details again & again... payment details are also not reflected in app for two to three days after making payment...",2020-05-17,5,relevance,2020,76,0.0444,neutral,True,True,False,False,False,False,False,False,False,False,False,False,False,False,False
A Google user,"The app was working fine. But after an android security patch update for my phone, i am unable to log in through the app. Although i am able to log in from the web site.. Amex dev team should be ready to handle all the android updates. This is not acceptable. I am unable to use the app and have to just use the amex website.",2019-12-15,5,relevance,2019,66,0.6494,positive,True,False,True,False,False,False,False,False,False,False,True,False,False,False,False
A Google user,AMEx has disappointed me at every step. I took the credit card but seems all the transactions i do are being charged high when done through amex credit card vs my payments through debit card. Application downloaded is not working with my login. Not happy at all. Poor service.,2019-11-03,5,relevance,2019,49,-0.8018,negative,True,False,False,False,False,False,True,False,False,False,False,False,True,False,False
DJ K,The user interface is easy to use and understand. Both contact support is very good. Connectivity is an issue as POS OTP sometimes doesn't arrive on the phone. One has to open an email and get the OTP.,2025-04-16,5,relevance,2025,38,0.8313,positive,True,False,False,False,False,False,False,True,False,False,False,False,False,False,False
Sumedh Shevde,"An absolute breeze to setup and use the Amex India app. Simple, clean intuitive interface. Well supported by live chat (i am not sure if that's a bot based chat setup, possibly is though), which works well to get basic stuff done. All-in-all a great app.",2020-10-27,5,relevance,2020,46,0.8844,positive,False,False,False,False,False,False,False,True,True,False,False,False,False,True,False
A Google user,great app for what used to be a great company. now it cheats people by applying finance charges to those who have continuously been regular auto debit customers by ending their auto debit and making them late payers. i have cancelled and so should you.,2019-08-16,5,relevance,2019,45,0.5106,positive,False,True,False,False,False,False,False,False,False,False,False,False,False,False,True
Rahul Nikam,"It's a very useful app.. everything in one place right from payments to rewards and everything you need at the touch of a finger , and it's the most secured app . Kudos to the amex india team.",2020-06-20,5,relevance,2020,38,0.9116,positive,False,False,False,False,False,False,False,False,False,False,False,False,False,False,False
Manish Kumar,"Pathetic service by Amex, even after full payment and cancellation of the card they didn't remove the annual fee and spoiled by Bureau score! Platinum concierge not as useful as they market. Out of 4 requests for table reservation they couldn't fulfill even one! What's the point of paying for the platinum card!",2025-07-31,5,relevance,2025,53,-0.8551,negative,False,True,False,True,False,False,False,False,False,False,False,False,False,False,True
Manoj Nair,"The app is basic, statement don't have details other than a ref number. Payment reflected late it must be instantaneous. Credit delays results in dual expenditure by user and refund issues. Certain charges levied need narration.",2021-05-06,5,relevance,2021,36,0.4404,positive,False,True,False,False,False,True,False,False,False,False,False,False,False,False,True
Sony Scaria,"Never thought I'd say this, but Amex folks are THIEVES. Just won't return my credit balance to my bank account. They keep asking for bank account details and when I do provide it, they'll stop responding. Every time they'll create a new case and magically they'll forget about it until I call them back. And when I do, they'll ask for more documents, to send the money TO MY OWN ACCOUNT!",2025-11-13,5,relevance,2025,71,-0.9025,negative,False,False,False,False,False,True,False,False,False,False,False,False,False,False,False
Varun Agarwal,"Transaction security settings links opens an empty view so unable to modify any card limits, one of the nost basic features needed in an app. Overall the app is slow and the navigation is not smooth. Expect a better quality testing from amex before releasing with such bugs and they do not seem to have known about it till date.",2025-10-01,5,relevance,2025,60,0.5423,positive,False,False,False,False,False,True,True,False,False,False,False,False,False,False,False
Lakshay Bahl,"Unethical org. They issue a credit card which never gets delivered. What follows is the constant pestering to pay for the dues of a card that you never received. After raising the issue multiple times w/Customer Support country head, they finally cancel the card but send the false intimation of non-repayment to credit agencies abt hence, maliciously trying to downgrade your credit rating. To this date my credit rating hasn't been reversed despite repeat escalations. Glad to hear abt RBI ban.",2021-04-30,5,relevance,2021,81,0.2216,neutral,False,True,False,False,False,False,False,False,True,False,False,False,False,False,False
A Google user,"Very simple to use, all most frequently used functions available conveniently. Specially liked the rewards page which shows remaining spends for milestone rewards! Would rate 5 if the app provides ALL functions like website, it may be in an additional menu containing all less frequently used functions.",2019-06-25,5,relevance,2019,47,0.8955,positive,False,False,True,False,False,False,False,False,False,False,False,False,False,False,False
A Google user,Excellent user friendly. Efficient yet easy to use. So glad to have the option to use points almost immediately after credit.,2020-01-24,5,relevance,2020,21,0.9572,positive,False,False,False,True,False,False,False,True,False,False,False,False,False,False,False
P RAAMCHARANTEJAA,"The chatting feature is one of the best customer support I have seen. It is fast, and the executives know their job and it literally eliminates the need to ever write an email. And the chat can also be referred later if incase of any doubt.",2024-05-22,5,relevance,2024,46,0.6597,positive,False,False,False,False,False,False,False,False,True,False,False,False,False,False,False
A Google user,Always server down and unable to login. And this app doesn't give clear information and payments redirected to weblink which makes me annoying. Finally Amex most of the retailers doesn't accept. Only interesting factor in Amex is gaining more credit points compare to other CC services.,2018-11-18,5,relevance,2018,46,-0.3885,negative,True,False,True,True,False,False,False,False,False,False,False,False,False,False,False
A Google user,Had been a customer for the last three years. Used to spend only through Amex cards. Had cleared every statement in time. Despite this they didn't value my relationship by not waiving off the annual fees. Terrible customer support. Please don't ever buy their cards. They have no regards for loyal customers.,2019-12-21,5,relevance,2019,52,0.2878,neutral,False,False,False,False,False,True,False,False,True,False,False,False,False,False,False
Tarak Nath Kushwaha,"For some reason, your app is not functioning since today morning. Everytime, i try to login, it says sorry there was an error loading this content, pls try again later. I tried logging to my account via Chrome too but again same error, not able to reach the servers, try later. Can someone please call and help me to fix this? Using this app since 2019 and never faced any challenge.",2022-04-25,5,relevance,2022,71,0.167,neutral,True,False,False,False,False,False,True,False,False,False,False,False,False,False,False
Yelchuri BSR Prasad,"Now a days all card apps are very useful to manage diff features like en/disabling international spends, online usage etc., Ability to see unbilled transactions is a good feature. Thanks.",2020-12-28,5,relevance,2020,30,0.9152,positive,False,False,False,False,False,True,False,False,False,False,False,False,False,True,False
Avishek Banerjee,"The app is user friendly & easy to navigate. Just one feedback that while making payment card no. Should auto populated or auto captured, instead of entering the card no. manually.",2023-03-05,5,relevance,2023,31,0.7269,positive,False,True,False,False,False,False,False,True,False,False,False,False,False,False,False
Fabian White,"The app no ability to facilitate a payment directly without having to pull out your card every time and enter your card number...a pretty primitive app for today, and numerous attempts to give them this feedback has fallen on deaf ears!",2021-02-05,5,relevance,2021,41,-0.1416,negative,False,True,False,False,False,False,False,False,False,False,False,False,False,False,False
Rachit,Shocked that the AMEX app does not have a direct payment functionality...it redirects and asks user to enter the card details for a logged in user. Not expected from AMEX.,2021-01-23,5,relevance,2021,30,-0.3182,negative,False,True,True,False,False,False,False,False,False,False,False,False,False,False,False
Niki Jethani,"When we want to disable the card. The process is so long. Call toll free number and wait for executive. When they have to advertise their rewards you get instant calls. For deactivation - There is no call back service. At most of the places, card is not accepted. Think before opting, will you be able to utilise full credit ( 1 lakh 50k) else you have to pay 1500/- membership fee which is non refundable even when you want to discontinue thier service.",2022-07-15,5,relevance,2022,84,0.7569,positive,False,True,False,False,False,False,False,False,True,False,False,False,False,False,True
Anurag Thakur,it sucks...never takes biometric login..even after resetting password multiple times..it always complains wrong password..it's hard time for me I am traveling and account is locked and no way to reset it..when I call toll free number to unlock my account...voice call is providing details of existing offers instead solving my problem.,2025-11-29,5,relevance,2025,51,-0.6124,negative,True,False,False,False,False,False,False,False,False,False,False,False,False,False,False
Khalid Khan,"The app or web site is not user friendly 😡. Card payment is very complex. You have loved in an when you in click on pay button it again ask you to re login in web page which is integrated in side the app and after login on that page you will lost every references. Now you have to fill all the details like card no name mobile email even the payable amount. Means first you have to note down every detail, try to pay. And if you have forget your card at your home or lost your card you can't pay...",2020-05-01,5,relevance,2020,102,-0.5318,negative,True,True,True,False,False,False,False,True,False,False,False,False,False,False,False
A Google user,"credit card payment reflect in amex account takes 2-3 working days, referral form is too lengthy, it does not show when your credit card year started, it also does not show your total yearly spend up till now in a year. offer should be categorized like I want only mobile offers or electronic appliances offers. thanks",2019-03-17,5,relevance,2019,56,0.872,positive,False,True,False,False,True,True,False,False,False,False,False,False,False,False,False
Abhijit P,"Slowest bank, reminds me of old era when banking was not digital. My payment is done but it takes 24/48 hrs to update. Even purchase notifications takes 48 hrs. The notifications need to be enabled else you get no updates, app directs to a webpage for payment of credit card bill? We are not in 1924 bro? It *ucks",2024-05-23,4,relevance,2024,59,0.2406,neutral,False,True,True,False,False,False,False,False,False,False,True,False,False,False,False
Sahil Devliya,"Very poor customer service and pathetic policy I have ever seen, getting calls after a long time I requested a call back and explained each and everything in mail but they are still repeating the same thing again and again, what kind of resolutions they are providing to their customer it's just waste of time :(",2021-05-10,4,relevance,2021,56,-0.9021,negative,False,False,False,False,False,False,False,False,True,False,False,False,False,False,False
A Google user,"This card has too much late fees as well as recurring huge annual fees. By pushing you giving referral only and trapping many friends into it, Only then you can escape the punishment of surcharges if you are from a middle class family. It would be better to stay away from american express cards as the retailer also loses approx 3.5% cut from the company including gst. Amex earns double from both ends. In app you have to write all digits again to pay each time the monthly charges.",2020-04-08,4,relevance,2020,89,0.5267,positive,False,True,False,False,False,False,False,False,False,False,False,False,False,False,True
A Google user,"most if the times, the OTP screeen doesnt apper and had to retry multiple times the fun of using credit card is screwed by AMEX, just waste card and cannot be used on wallet payment and also cannot be accepted at all merchandises and works at limited place, unable yo use the card for payment on mobile data only works good on wi-fi",2018-12-19,4,relevance,2018,63,0.0222,neutral,True,True,False,False,False,False,False,False,False,False,False,False,False,True,False
Rajeev Kumar,"Earlier UI was better but even it was not best. Very limited information. Total spend in current billing year was good features for me that is also removed from application. Statement tab merged with home page was also a bad idea. If I compare with other banking application then I don't find amex upto benchmark. As Amex promises that they provide world class service,I don't see it by mobile application. Currently, only one best thing is there that is chat option with support excutive.",2022-09-10,4,relevance,2022,84,0.8903,positive,False,False,False,False,False,True,False,True,True,False,False,False,True,False,False
sambit patra,"need some more flexibility and additional information to available EMI transaction is not reflecting in APP homepage, always need to download PDF to see the same which is not right way to check the transaction. Since the card contains a huge amount of yearly charges, hence better to reflect the spend status against yearly spend target",2022-10-06,4,relevance,2022,56,0.6997,positive,False,False,False,False,False,True,False,False,False,False,False,False,False,False,True
A Google user,I tried booking flight tickets through the mobile application but the application was getting hanged after one or two minutes. I tried 5-6 times and faced the same challenge everytime. Finally I have to use other travel site to book the tickets. Please check and fix this,2019-10-17,4,relevance,2019,47,0.5267,positive,False,False,False,False,False,False,False,False,False,False,False,False,True,False,False
Riyazudeen AH,Worst app ever. Spend traking no longer works. Its been a year now still not addressed. Even raised complaint GC-INA1W and followed up with multiple supervisors. Till date no response provided. They never keep up their words. False comittments.Pathetic and unreliable service by Amex.Tired and fed up with their chat support. Stay away from AMEX cards.,2022-07-21,4,relevance,2022,56,-0.7906,negative,False,False,False,False,False,True,False,False,True,False,False,False,False,False,False
A Google user,"Not so great. Very primitive and every time a payment is made, it takes 3 days to get posted even in this digital age. For redemptions etc.. we also need to call. Compared to other card providers a lot needs to be done in terms of user experience.",2019-11-04,4,relevance,2019,48,-0.544,negative,False,True,False,False,False,False,False,False,False,False,False,False,False,True,False
Shubhneet Sethi,"It's an amazing app with a very user friendly interface. It has all the info clearly laid out. On top of that, it's secured with two factor authentication. One of the better banking/credit card apps on play store.",2020-07-16,4,relevance,2020,38,0.957,positive,False,False,False,False,False,False,False,True,False,False,False,False,False,False,False
A Google user,"Excellent customer service. would be great if they can add more functionalities in to app like travel booking, MR points redemption, Tracking finances by categories, etc.",2019-01-16,4,relevance,2019,26,0.8834,positive,False,False,False,True,False,False,False,False,True,False,False,False,False,False,False
Dr. Murali Basa,"American Express Credit Card in India: An Intellectual Review American Express credit card in India offers an exceptional rewards program that is truly amazing. The reward points system allows cardholders to accumulate points swiftly, leading to an array of enticing benefits, including the option to redeem them for attractive gift vouchers. One notable aspect is the lovely customer chat thread, which ensures prompt and effective communication.",2023-05-22,4,relevance,2023,66,0.9897,positive,False,False,False,True,False,False,False,False,True,False,False,False,False,False,False
Aisharya Mazumder,AMERICAN EXPRESS Credit card is the worst possible credit card one can have. I have received & activated the card on 8th of January 2021 but they have generated statement from 29.12.2020 to 28.01.2021. And they are explaining billing is started once the card is approved and not from the date of activation.,2021-02-03,4,relevance,2021,53,0.5789,positive,False,False,False,False,False,True,False,False,False,False,False,False,False,False,False
Neha Modi,"honestly, I didn't find any difference in this update 19/01/2019. still many things need to be updated like viewing and selecting the pin.",2020-10-18,4,relevance,2020,23,0.6705,positive,False,False,False,False,False,False,False,False,False,True,True,False,False,False,False
A Google user,The transactions are not visible on the app. I'm not able to view the transactions made by my card in the app. They are reflected only after 3-4 days.,2019-07-30,4,relevance,2019,29,0.0,neutral,False,False,False,False,False,False,False,False,False,False,False,False,False,False,False
A Google user,"AmEx moApp is quick and helps you manage your account on your finger tips in quite an easy way. Yes, it's very user friendly.",2019-05-18,4,relevance,2019,24,0.8991,positive,False,False,False,False,False,False,False,True,False,False,False,False,False,False,False
A Google user,Very very user friendly. You may even redeem the reward points just by ticking a check box. Very simple and to the point display,2019-02-21,4,relevance,2019,24,0.8147,positive,False,False,False,True,False,False,False,True,False,False,False,False,False,False,False
A Google user,"Worst Credit card as Annual Charges are sky high whereas card is NOT accepted @ almost 90-95% of the Outlets. AMEX want us spend more with a least shameful Credit limit offered. I suggest AMEX a fair approach- Initially capture the Indian Market where AMEX is accepted everywhere & then charge the Annual fee in India, as per what ever is quoted. ANALYTICS: Maximum spends are done, in smaller chunks & payments at outlets where smaller chunks are sold, DOES NOT accept AMEX. Re-ThiNk to FOCUS",2019-12-22,4,relevance,2019,86,0.3248,neutral,False,False,False,False,False,True,False,False,False,False,False,False,False,False,True
Aarif Iqbal,It's such a frickin hassle to even use this app! The whole privacy aspect is blown out of proportion to the point it's ridiculously over protective. Imagin having 4 locks on your own house door each time you try to enter it.,2022-12-23,4,relevance,2022,42,-0.4003,negative,False,False,False,True,False,False,False,False,False,False,False,False,False,False,False
Neerendra Chauhan,Their support is too good. Suggestion - plz add option of sharing screenshot in chat with customer care. Edited:- I was wrong. Their customer service is just like any other ordinary bank. Fed-up with them,2021-01-20,4,relevance,2021,35,0.8834,positive,False,False,False,False,False,False,False,False,True,False,False,False,False,False,False
A Google user,"main flaws of this app is if you on nfc for other card payment this app will supersede other autometically even this app is closed, means if your nfc hardware is on you have to use amex pay. please add on and off button against nfc as it is present for qr.",2019-09-05,4,relevance,2019,52,-0.8807,negative,False,True,False,False,False,False,False,False,False,False,False,False,False,False,False
Anshul Dixit,They don't have any basic information of My previous spends or particular month spends also available on app and their customer care. For all the kind of query they are just sorry and have nothing to do. Disappointing!!,2026-03-05,4,relevance,2026,38,0.7279,positive,False,False,False,False,False,False,False,False,True,False,False,False,False,False,False
Ruhang,"very poor customer help service. when I try to activate my new card, it keeps throwing errors, and when I try to connect with a customer care, they only make me talk with bots. Not expected from American Express",2026-04-04,4,relevance,2026,39,0.0953,neutral,False,False,False,False,False,False,False,False,True,False,False,False,False,False,False
A Google user,"Good company with lesser ability app! Amex cards are fantastic. i have been. fan of Amex for more than 15 yrs. fantastic customer care when you dial them, and resolution is guaranteed, always! this app is just fine to know your card balance and past transactions. there is nothing more to expext from this. after experiencing the customer service and amazing card benefits, this app looks very dull. company needs to do something. if you notice the last update was 13 months ago,:-(",2019-01-14,4,relevance,2019,83,0.9709,positive,False,False,False,False,False,True,False,False,True,False,True,False,False,False,False
parijat gaur,"Nothing great about it , it's pretty simple and limited options . They are still learning it seems .It does basic functions and overall do the job. They have other apps in USA which I heard are incredible but here in Indian continent it's pretty vanila .",2022-10-21,4,relevance,2022,47,0.5863,positive,False,False,False,False,False,False,False,False,False,False,False,False,False,False,False
Ambrish Mishra,Worst credit card application. There are many issues like while paying credit card bill you must have net banking otherwise you will not be able to pay your bills. If you want to pay it from debit card or UPI you will be navigated to AMEX website. All functions are separated. This credit card is not accepted at many POS terminals like Delhi metro etc as it has fifteen digit card number but others have 16.,2020-11-23,4,relevance,2020,76,0.4666,positive,False,True,True,False,False,False,False,False,False,False,False,False,True,False,False
NaveenKumar A,Lot of conflicts in communication before opening account and after opening account. Brainwashing to achieve their monthly targets. That's all. Customer unfavorable terms and conditions are hidden and when customer asks about it they will say this is our terms and conditions. If you like can continue or close account. That's all options available. Simply closed account and no option to put negative rating. After break the relationship with AMEX as well Charging late fee. No logic behind.,2020-06-10,4,relevance,2020,78,-0.8225,negative,False,False,False,False,False,False,False,False,False,False,False,False,False,False,True
Anurag Salwan,"Simple and efficient app. I am able to do almost everything on the app and need to log into my account on the laptop very rarely. However, l would like the app to improve in one aspect - my actual card should appear in the app rather than a generic one.",2025-03-12,4,relevance,2025,51,0.6658,positive,False,False,False,False,False,False,False,False,False,False,False,False,False,False,False
Pradeep Kumar Boddu,It's one of the most comforting CC app I've ever used . All the information you need to access with regards to your card is there within a touch of button . Easy pay is one of the most unique feature and most advanced feature among all the payment apps,2020-06-12,4,relevance,2020,50,0.7774,positive,False,True,False,False,False,False,False,False,False,False,False,False,False,False,False
A Google user,"The latest version is fantastic. It has everything that I need to check on the app including rewards. The UI is great. Even has the milestone journey in built for my convenience. Good job, Amex.",2019-02-07,4,relevance,2019,35,0.9287,positive,False,False,False,False,False,False,False,True,False,False,True,False,False,False,False
A Google user,I hav e two amex cards. I have to logout and login separately to see the details of each of the cards. I wish there is an easier way out....,2019-11-25,4,relevance,2019,30,0.6705,positive,True,False,False,False,False,False,False,False,False,False,False,False,False,False,False
A Google user,"Excellent and Exceptional experience, a very simple application, and the best part is the IVR system at customer help center, above all the customer help guys are very well behaved and courteous. I am loving it.",2019-05-20,4,relevance,2019,36,0.9716,positive,False,False,False,False,False,False,False,False,False,False,False,False,True,False,False
A NSA,The amex card is Ponzi scheme. Please beware. It's not a pride as some of you think. They cheat you left and right. Their interest free days are just 40 as opposed to 50 by other vendors. The payment you do today will credited only after 3 -4 days. The reason for them to charge late fees and high interest.,2021-03-06,4,relevance,2021,60,0.8428,positive,False,True,False,False,False,False,False,False,False,False,False,False,False,False,True
Maninder Singh,"I have been using this app for quite sometime now, haven't faced any issues yet with the interface or usability of the app. The app has been more of an apt and necessary replacement of customer care tele service obviating the hassle of calling them.",2020-09-19,4,relevance,2020,45,0.4939,positive,False,False,False,False,False,False,False,True,True,False,False,False,False,False,False
A Google user,Amex does suck a lot and spams a lot. They should check eligibility first instead of wasting time n sending a letter after submitting documents stating that cibil score is missing. Rejection is not an issue but wasting time is. And on top of that they use all that information to spam spam spam. Big thumbs down.,2019-07-18,4,relevance,2019,57,-0.9497,negative,False,False,False,False,False,False,False,False,False,False,False,False,False,False,False
Girish Mani,Please make an option to pay amex credit card payment within this app. And not taking the user outside to external link. Please integrate this asap. Because most of bank application has this feautures. We Don't need an application Just to view pending payment and for changing few settings,2024-07-25,4,relevance,2024,49,0.7003,positive,False,True,False,False,False,False,False,False,False,False,False,False,True,False,False
aka kaizoku,"Smooth transition and flow. 1 improvement Post password change the biometric is turned off and one has to remember switching on the feature explicitly. Potential solution: one may add a pop up to activate the biometric login, Post successful login after a password change",2022-03-17,4,relevance,2022,44,0.8442,positive,True,False,False,False,False,False,False,False,False,False,False,False,False,False,False
A Google user,"American express only name is attractive, facility wise is far behind than its competitors like axis bank credit card, hdfc etc! No option is available in app for convert to emi, very less merchant accept american express, sometime it is embarassed situation in front of merchant. For customer care service i will give 5 star but rest of other service american express needs to change its policy!",2019-10-18,4,relevance,2019,67,0.814,positive,False,False,False,False,False,True,False,False,True,False,False,False,False,False,False
Partha Doshi,Had earned 7000rs of voucher.. but apparently it doesn't work in online shoppers stop and offline stores say it doesn't have . I was sandwiched between amex and shoppers stop. Had to face so much of hassle just for a 7000 rs voucher which I had earned redeeming my points. Would not recommend amex to anyone where they can't even honor a 7000rs voucher for a high spender and there's no trust. My 7000 rs voucher went to waste.pathetic and poor customer service . Have to repeat the problem each time,2025-02-18,4,relevance,2025,91,-0.9742,negative,False,False,False,True,False,False,True,False,True,False,False,False,False,False,False
Kirankumar Bhagwan,"I think all the segmented offers should be available within the app. There are many new offers going on, but the communication is lost in email or sms. It would be great if there's a separate tab for all valid offers within the app.",2020-08-31,4,relevance,2020,44,0.5719,positive,False,False,False,False,False,False,False,False,False,False,False,True,False,False,False
A Google user,"Takes away 2 star from it for the reasons that the App doesnt facilitate payment. Though it has a link ""make payment"" but asks for crefit card details once again when one tries to pay. Thats unnecessary waste of time and efforts",2020-02-26,4,relevance,2020,42,-0.6486,negative,False,True,False,False,False,False,False,False,False,False,False,False,False,False,False
Vishal Silarpuria,Superb customer support and service. I love the new UI of application. I've been using Amex from last 3 years and they never disappoint at any point. I've Amex as my primary card.,2020-11-02,4,relevance,2020,33,0.9225,positive,False,False,False,True,False,False,False,True,True,False,False,False,True,False,False
Abhay Singh,Amex has been good but now they have been becoming garbage with devaluation of the cards and bringing new rewards layers with the same RP for double spend. This is a review for Platinum Travel 7L spend increase after taking the card and paying the fees. With Marriott Point dilution in India this is becoming Useless.,2026-02-08,4,relevance,2026,56,0.6542,positive,False,True,False,True,False,True,False,False,False,False,False,False,False,False,False
Subhash Kumar,"Very sleek and smooth UI and works all the time. The background and colour scheme looks great, and makes it excellent to use.",2020-12-07,4,relevance,2020,23,0.8316,positive,False,False,False,False,False,False,False,True,False,False,False,False,False,False,False
Girish Kamble,"Compare all other bank cards, this is best app I noticed... Immediate reply even in chats..comparing just computerised reply in chats for few minutes to days before human reply...and every thing bill, transactions every thing perfect...",2020-11-14,4,relevance,2020,36,0.836,positive,False,False,False,False,False,False,False,False,False,False,False,False,False,False,False
Taher Jariwala,"One of the finest card I have used till now. Amex is all about customer service, for them customers will always be a top priority. Amex app is awesome, everything is very much easy and self explanatory. Thank you team Amex for maintaining your standards.",2021-09-23,4,relevance,2021,45,0.8905,positive,False,False,False,False,False,False,False,False,True,False,False,False,False,False,False
Shubham Prasad,The app has improved a lot since I first downloaded it over 2 years ago. Just waiting for tedious process of collecting 2x points to change. Someone designing that feature really wanted people to NOT use it.,2021-04-02,4,relevance,2021,37,0.4767,positive,False,False,False,True,False,False,False,False,False,False,False,False,False,False,False
Saurabh Dixit,App is wonderful. Instant help through chat or email by very supportive team. One suggestion: Add annual expenses data available in the App with type of expenses to fecilitate user understanding on their expenses.,2021-04-02,3,relevance,2021,34,0.8357,positive,False,False,False,False,False,False,False,False,True,False,False,False,False,False,False
Chirag Kothari,Amex was the best in the credit card sector & its customer care before. But 1. It is still not accepted at many places. 2. Merchant charge 3 to 5% & always ask 4 other card 3. Their settlement period is longer. 4. They keep on calling for selling insurance inspite of telling no from different different numbers due 2 sales pressure from their boss. Except sorry sorry no action taken 2 stop it and punish spammers by them.,2025-03-23,3,relevance,2025,79,-0.9503,negative,False,False,False,False,False,False,False,False,True,False,False,False,False,False,True
A Google user,Nothing in this Like controlling Credit card If i want customize credit no option. Nothing Please make the app with control as fraudulent transactions are increasing. Check Axis bank app,2019-12-17,3,relevance,2019,30,0.253,neutral,False,False,False,False,False,False,False,False,False,False,False,False,False,False,False
Onkaar Nath,Experience is not good with this card.I got a new card in this month and I was told that balance outstanding of old card will be transferred to new card and old card will become redundant.Now I got a message on 15th March asking me to pay minimum amount in respect of old card which is confusing.It seems Amex is not updating their software with changing times.I am at my wits end what to do. Will Amex look into this and sort out the matter under intimation to me ??,2021-03-17,3,relevance,2021,90,0.696,positive,False,True,False,False,False,True,False,False,False,False,False,False,False,False,False
A Google user,"when i start to use this amex card , i thought there must be a basic feature to restrict daily transaction amount such as 1000 INR per day. but due to lacking of this feature, i had to compell give 4 star rating. i m very sorry to giving four star just for a single feature lacks.",2020-03-15,3,relevance,2020,57,0.2038,neutral,False,False,False,False,False,True,False,False,False,False,False,False,False,False,False
Ambar K Singh,"Gone are the days when Amex used to provide great experience in all means. Now, it's not only difficult to use Amex at outlets but even to use the app or call custoner setvice. I have been trying to redeem points but cant throug App. Keep throwing me error that please try aftrt some time. Customer service wouldnt rrally help much All in all, time to move away from AMEX.",2023-10-15,3,relevance,2023,70,-0.0982,negative,False,False,False,True,False,False,True,False,True,False,False,False,False,False,False
Rishi Sharma,Happy with the service from American Express. There app provide all the details regarding my card. It is very user friendly . All the transaction are very clear to understand from the app.,2020-07-17,3,relevance,2020,33,0.8771,positive,False,False,False,False,False,True,False,True,False,False,False,False,False,False,False
Sanjay Joshi,"You should not prompt logic screen when user has come to the app from payment confirmation notification. As soon as user has confirmed the payment amount, the amex app should close itself or bring the another application in front (the app/browser which requested the payment).",2020-08-17,3,relevance,2020,45,0.0,neutral,False,True,True,False,False,False,False,False,False,False,False,True,True,False,False
mahendren muthu,This card has lot of benefits. points and bonus points can be redeemed to voucher. Every month you will receive bonus points by shopping 1500 Rs for 4 times.,2026-03-21,3,relevance,2026,29,0.8979,positive,False,False,False,True,False,False,False,False,False,False,False,False,False,False,False
A Google user,Not at all satisfied. App runs very slow. Many options are not visible. Not user-friendly experience.,2020-02-26,3,relevance,2020,16,-0.3252,negative,False,False,False,False,False,False,True,False,False,False,False,False,False,False,False
Amit M,This app is a vintage app from the 19th century. Not even capable to keep you logged in or offer a secured login. The cred integration and cred interface to use Amex services is 1000times better. Forgot to mention the hassle-full monthly payment. They treat their own app as a third party app and don't save any card information on it. Hai na amazing? What a shame Amex..,2022-05-08,3,relevance,2022,68,0.7838,positive,True,True,False,False,True,False,False,True,False,False,False,False,False,False,False
Pradeep Mk,"Average app. The only pain point is we have to enter the whole card number while making the card repay payment, that too twice, due amount and contact details. Not sure why these details need to be entered when I've already logged into the Amex app and click on ""Pay now"".",2026-04-14,3,relevance,2026,51,-0.6555,negative,False,True,False,True,False,False,False,False,False,False,False,False,False,False,False
A Google user,The app is superb & very well presented. Finger print access is superb & very fast. All the information is very easy to find. Am very much impressed...,2019-02-20,3,relevance,2019,28,0.9529,positive,False,False,False,False,False,False,False,False,False,False,False,False,False,False,False
Nizamudeen Sherif,"Are we in 2010? First of all myself or even CS not able to track the Application. After a call with CS, They said he can't track my Application or card. Suddenly It says card dispatched yesterday. The transactions are not updated immediately. Redeem points takes more than to reflect. App design is so much old. Nothing interesting to buy/Use with Amex after so much devaluation and limited reward purchases. Simply not worth the chime made by Influencers and AMEX marketing team.",2025-02-21,3,relevance,2025,82,-0.032,neutral,False,False,False,True,False,False,False,True,False,False,False,False,True,False,False
Apoorva Bhaskar,"After the update, I am not able to login to my account. I am getting error as ""Sorry, there was a error in loading this content - please try again later "". I reinstalled the app. Still i am getting the same error. Just to confirm you, I have a good internet connection. Please resolve this ASAP.",2022-09-07,3,relevance,2022,57,0.1779,neutral,True,False,False,False,False,False,True,False,False,False,True,False,False,False,False
ravi yadav,"The app is only useful for checking past transactions. Beyond that, it is slow, lacks functionality, and feels almost pointless. There is no option to pay credit card bills through the app, and you can’t even view your credit card details.",2025-09-19,3,relevance,2025,41,0.6705,positive,False,True,False,False,False,False,True,False,False,False,False,False,False,False,False
Ankur Agrawal,"Very user unfriendly app. Multiple logins needed, entering card number multiple times and the user even have to remember the amount due. Worst app. It takes a toll on user to make the payment. Better to not use the card so that you don't have to make any payment!",2025-03-15,3,relevance,2025,49,-0.6086,negative,False,True,False,False,False,False,False,False,False,False,False,False,False,False,False
Subash Sahoo,"Aap is having all features in a friendly manner, arranged trasactions as you want to, no need to go back statements to refer for detailed transactions. It is best out of all credit card aap available as of now.",2020-06-27,3,relevance,2020,39,0.8442,positive,False,False,False,False,False,False,False,False,False,False,False,False,False,False,False
suraj Chaurasiya,"Customer care is useless, I just call them to increase credit limit, they said within 1 minute they are connecting call to relevant team, after 12 min I disconnect the call And then they called me and said please be online we are trying to connect call and again I have to hold call this time I disconnect call in 1 min 30 sec Than no response from their side You can easily expect how their service is. Thanks",2024-08-23,3,relevance,2024,79,0.8658,positive,False,False,False,False,False,True,False,False,True,False,False,False,False,False,False
Ashima Arora,The sole purpose of having an app on your mobile is missing through this. There is no notification or payment reminders come via this app. American express has the worst customer service throughout,2022-10-21,3,relevance,2022,33,-0.8176,negative,False,True,False,False,False,False,False,False,True,False,False,True,False,False,False
A Google user,"good app. still have some glitches like there is a different name showing when i log in to app. i wish if i can share the snapshot here. if you sort this issue, i will give you 5 stars.",2019-03-13,3,relevance,2019,39,0.8519,positive,True,False,False,False,False,False,False,False,False,False,False,False,False,False,False
Tarun Nayak,Worst credit cards for India. Charged card fees then devalued points mid year without any refund options - no premium company would treat their customers this way. Closing the card finally.,2026-03-09,3,relevance,2026,31,-0.4215,negative,False,False,False,True,False,False,False,False,False,False,False,False,False,False,True
Vaibhav Saxena,"when I clicked on make payment option, it opened a in app window and asked to fill card details. does it make sense? just to clear the bill, it took 5 minutes. blinkit delivers groceries faster than this.",2026-04-30,3,relevance,2026,38,0.3818,positive,False,True,False,False,False,False,False,False,False,False,False,False,False,False,False
A Google user,App crashing on launch Steps: 1. Launch the app 2. Login with credentials. 3. Force close the app. 4. And again launch the app. 5. Noticed the crash on launch 1. Issue is not observed once logout the app 2. Issue is not observed after 15 min Expected result: Try to login after 15 min notification pop-up should appear. Or Again should login with out any issues,2019-08-22,3,relevance,2019,67,-0.4019,negative,True,False,False,False,False,False,True,False,False,False,False,True,False,False,False
Broken Arrow,"Huge issue, all SMS alerts (except OTP) disabled, I only found out by chance when checking the app settings, this is a huge security risk, 2nd issue is I checked with Amex customer care and they are also not able to give a proper answer why this happened, this is big as potential financial loss can happen because of fraud, Request everyone to check your SMS alert settings in the app asap🙏",2022-06-04,3,relevance,2022,72,0.6369,positive,True,False,False,False,False,False,False,False,True,False,False,True,False,False,False
P,"Very satisfied with the credit facility extended by this American express credit card. Found them to be very transparent in their transactions. Spending is convenient and repaying is also very convenient. It is NOTHING BUT "" THEIR MONEY IN YOUR POCKET"". All the best wishes Thankyou",2021-08-27,3,relevance,2021,46,0.9071,positive,False,False,False,False,False,False,False,False,False,False,False,False,False,False,False
Saurabh Kohli,Not sure of the app but beware of the credit cards. I work in corporate and there was a team in our office who was catching people in the cafeteria to take the cards with 1st year free. It was just before covid and I enrolled for 1 credit card. The card was there in office and we has a lockdown. I did not avail any benefits or stay with d card and after 1 year I'm getting continuous calls for the bill payment. Still I'm getting calls for 6k+ payment. My credit raring they have screwed. BEWARE.,2023-02-11,3,relevance,2023,98,0.796,positive,False,True,False,False,False,False,False,False,False,False,False,False,False,False,False
A Google user,I have already done update the app bt when i open it why it is asking for update again and again... I am irritated... I want to payment my amex dues... Bt it is not working properly ...plz find out the problem and fix it asap...,2019-08-29,3,relevance,2019,46,-0.683,negative,False,True,False,False,False,False,True,False,False,False,True,False,False,False,False
Vineet Bhatia,"Easy-to-use app with a clean interface. All account details, transactions, rewards, and statements are available in one place. Smooth navigation and reliable performance make managing my Amex card effortless.",2026-01-17,3,relevance,2026,29,0.7003,positive,False,False,False,False,False,False,False,True,False,False,False,False,False,False,False
Mohd. Inkshav Ali,"Late fee is levied though payment was made in time. So called late fee is included in minimum due, which is wrong. Wrongly trying to get rs. 500 in the name of late fee. Worst...",2021-01-31,3,relevance,2021,35,-0.802,negative,False,True,False,False,False,False,False,False,False,False,False,False,False,False,True
amrish dubey,The direc option of payment using reward points was available earlier has been disaed in the app as well as while making payments on merchant sites as well and changed to a cumbersome process which otherwise was very handy.,2021-07-01,3,relevance,2021,39,0.7845,positive,False,True,False,True,False,False,False,False,False,False,False,False,False,False,False
Diganta Sarkar,Bad experience. For every little thing you have to spend 30 minutes on a call. Sweet talking is not equal to actual good customer service. Thanks!,2022-04-16,3,relevance,2022,26,0.68,positive,False,False,False,False,False,True,False,False,True,False,False,False,False,False,False
A Google user,"Awesome interface. Beautiful, simple, clean and feature rich. Wish I could also view the points redemption options as well from the app.",2019-02-03,3,relevance,2019,22,0.959,positive,False,False,False,True,False,False,False,True,False,False,False,False,False,False,False
Nallagonda Raveendra,i paid 4 days back part payment of my balance but not updated and showing red mark if you want to pay through the app again you have to type tour card no and don't know to qhich card you are paying once you feed th card no. it didnt show name better people avoid amex cards,2026-03-17,3,relevance,2026,57,-0.8342,negative,False,True,False,False,False,True,False,False,False,False,False,False,False,False,False
vikas balia,very poor. information is also very poor. no ease of work. and for most things it takes you online on a search engine. very inefficient. app is not self contained,2026-05-10,3,relevance,2026,30,-0.8352,negative,False,False,False,False,False,False,False,False,False,False,False,False,False,False,False
Aakif,"2025-03-18: misled into signing up for another card, promised bo annual fees saying corporate tie ups n al, just Cancelled because review team also denied support! 2023-06-10: Basically loss of INR 2,500 ☹️ A voucher just expired this moment, and they won't extend it. First of all, why issue 3rd party reward, I never thought I'd leave a critical review foe thus Card at least, but I feel I lost money and they are not willing to help me recover it.",2025-03-18,3,relevance,2025,81,-0.7854,negative,False,False,False,True,False,False,False,False,False,False,False,False,False,False,False
Manan Gupta,Customer care does not resolve issues and forgets about them. In my case I applied to Platinum reserve card and they procesed application for Platinum Travel card. I told them and they reverted the application. However they made 2 enquiry to my CIBIL on same date.. They are now not reverting and removing the enquiry despite me providing all details and also raising dispute through CIBIL. I am cancelling my card as a protest.,2021-02-25,3,relevance,2021,74,-0.5399,negative,False,False,False,False,False,False,False,False,True,False,False,False,True,False,False
A Google user,After upgrade to this app it keeps giving me error that you are running on older version but nothing happens... Don't expect such kinds of app development from Amex... Total vestage of time...,2019-08-30,3,relevance,2019,33,-0.0387,neutral,False,False,False,False,False,False,True,False,False,False,True,False,False,False,False
Deepak Suryawanshi,Very easy to use. All important information is at your fingertips. The payment authorisation via app has always worked and made 2FA easy.,2020-07-12,3,relevance,2020,23,0.7841,positive,True,True,False,False,False,False,False,False,False,False,False,False,False,False,False
A Google user,"im trying to create my user ID and password...but your ghtia system is not allowing me to set my password according to my convince. it is saying should be started with alphabet only after this system has only its liked special characters. what's this non sense. should i make the password which could not even remembered by me too. ghtia system. trying to create user id for the last 30 minutes.but nothing, great 1 more advantage now trying to psot it but unable guys is there other criteria to Post",2019-08-11,3,relevance,2019,90,0.5926,positive,True,False,False,False,False,False,False,False,False,False,False,False,False,False,False
Dhruv Mahajan,few things need to be improved 1. digital card viewing should be available 2. reward redemption should be more seamless as compared to opening a separate browser for the same 3. UI should be more smooth 4. Payment required should be autopicked and should seamless as compared to entering the card number again and other details,2025-04-18,3,relevance,2025,56,0.7964,positive,False,True,True,True,False,False,False,True,False,False,False,False,False,True,False
A Google user,What an app. Nice and simple UI. It has all taht we need to check. totaly loving it. it will be better if you could add how many reward points added for each transaction.,2019-05-23,3,relevance,2019,34,0.9231,positive,False,False,False,True,False,True,False,True,False,False,False,False,False,False,False
Amith Kachhwah,"Not very convenient for Bill payment.. Why do I have to enter card number, contact details and Bill amount as well despite my card being registered in the app?? Doesn't make sense",2020-04-30,3,relevance,2020,32,0.4137,positive,False,True,False,False,False,False,False,False,False,False,False,False,False,False,False
A Google user,There is no option to deny international transactions as they do not need any otp. I had spoken to the customer care to cancel my international transactions but still one transaction went through on 17 Apr 20 without any otp. Please refund me the money,2020-04-20,3,relevance,2020,45,-0.4841,negative,True,False,False,False,False,True,False,False,True,False,False,False,False,True,True
Avinash Deshmukh,"Pathetic app , when we say pay it will ask to type in the whole credit card number, and when we reddem points , inspite of taking insta vouchers its more than 12 hrs the vouchers are not delivered. I would prefer ICICI credit cards over amex.",2021-01-08,3,relevance,2021,47,0.1027,neutral,False,True,False,True,False,False,False,False,False,False,False,False,False,False,False
Venkatesh Chinnu,Very good app n very good customer support... Which is 24/7 available and will solve your problem in seconds if it's in their hands... I will recommend this app to all amex customers...,2020-10-10,3,relevance,2020,33,0.8735,positive,False,False,False,False,False,False,False,False,True,False,False,False,False,False,False
AWADHESH KUMAR SINGH,"Facing issues in making card payment as AMEX is not on BBPS. Paytm, CRED, PHONEPE, it is not being accepted for card payments. It is a big issue. Hope they resolve it sooner.",2024-10-11,3,relevance,2024,33,0.5699,positive,False,True,False,False,False,False,False,False,False,False,False,False,False,False,False
A Google user,"For such a huge financial company, app which doesn't allow user login is pathetic. I am able to login successfully on amex site however app says we are unable to log you in. Expected better !!",2018-11-18,3,relevance,2018,36,0.56,positive,True,False,False,False,False,False,False,False,False,False,False,False,False,False,False
Ashish G,"Pathetic service. No option to check e mandate transaction in the app. Got debit of 299$; highlighted cs team to put under dispute... Cs saying ""to put it on hold call after 3 days.. transaction is showing pending"" overall pathetic experience. Worst service.",2024-03-10,3,relevance,2024,43,-0.9468,negative,False,False,False,False,False,True,False,False,False,False,False,False,False,False,False
A Google user,"I came back here to give 5 stars to the app. I think you guies did a great job with the new app. Love the new features and thanks for the finger print scanner. Just one issue rapid metro in DLF doesn't accept amex do something about it, rest all is good.",2019-01-24,3,relevance,2019,52,0.9172,positive,False,False,False,False,False,False,False,False,False,False,False,False,False,False,False
shabinas,the customer support is the worst even in premium card also experienced the worst customer for purchase dispute also they are asking tons of documents screenshot are not accept. you can't trust american express. rising dispute is worst better to go with consumer court it will be much faster.,2025-10-03,3,relevance,2025,49,-0.9516,negative,False,False,False,False,False,False,False,False,True,False,False,False,False,False,False
Murtaza Lokhandwala,Making card payment is not a smooth process. Everyone I have to make the payment i need go enter my card number for which I am making my payment. If I am already selecting my card in the app and choosing make payment for an amount it should automatically redirect me to the payment page instead of asking me other details.,2020-09-14,3,relevance,2020,61,0.0772,neutral,False,True,True,False,False,False,False,False,False,False,False,False,False,False,False
Tabish F Khan,"The app is handy but some basic features are missing like if I am logged into the app I should be able to make the payment directly, in this app if I have to make the payment it diverts me to a URL where I have to manually fill all my card details again and make the payment which is very irritating",2020-08-16,3,relevance,2020,62,-0.611,negative,False,True,False,False,False,False,False,False,False,False,False,False,False,False,False
utkarsh bisht,i don't see a reason why they would not have functionality to pay directly the amount for a credit card and rather have to open the website interface and enter all details again,2026-01-01,3,relevance,2026,33,0.296,neutral,False,True,True,False,False,False,False,True,False,False,False,False,False,False,False
A Google user,The App UI is much better now after the update. With fingure print login it gives more security but am still shocked to see no in app payments option like other back apps. It takes you to a webpage in browser when you click on payment.,2020-02-02,3,relevance,2020,46,0.0763,neutral,True,True,True,False,False,False,False,True,False,False,True,False,False,False,False
PRABHAT PANDE,Useless app.Pathetic customer service. Amex tele-callers commit something which they know they can't deliver. Severely disappointed by this company which was once so good in customer service.,2023-02-03,2,relevance,2023,27,0.8006,positive,False,False,False,False,False,False,False,False,True,False,False,False,False,False,False
A Google user,Absolutely fantastic app. They actually considered the feedback and the suggestions they were getting from customers and implemented them in the latest version. Other CC companies should take a note or two from Amex. Kudos!,2019-01-23,2,relevance,2019,35,0.8169,positive,False,False,False,False,False,False,False,False,False,False,True,False,False,False,False
Umesh Gadgone,I was applied for a card through Amazon app. Was continuous taking follow up for amazon gift voucher. After 6 month Amex told me I have not applied thorough Amazon. That's why not eligible. Unbelievable from brand like Amex. Dont trust on Amex commitments.,2020-05-28,2,relevance,2020,44,0.5405,positive,False,False,False,True,False,False,False,False,False,False,False,False,False,False,False
Vikas Puri,"I have been associated with Amex for good number of years now, would like to give feedback here for the services I have received from Amex which was just Awesome. The Team at Amex is wonderful and the application is super friendly. I wish them more success in future. Thank You Vikas Puri",2022-06-18,2,relevance,2022,53,0.9831,positive,False,False,False,False,False,False,False,False,False,False,False,False,True,False,False
A Google user,"good app. with finger print scan, it's lot more easier to login. the app also covers most of the required transaction.",2019-05-09,2,relevance,2019,21,0.7178,positive,True,False,False,False,False,True,False,False,False,False,False,False,False,False,False
A Google user,"Good features. Would have been nicer to know the total spend amount in a quarterly, half yearly or annual cycle in order to keep track of spend.",2019-09-12,2,relevance,2019,27,0.7003,positive,False,False,False,False,False,True,False,False,False,False,False,False,False,False,False
Vishal Pathak,"My overall experience with Amex is great. However few things needs to update. More option should be available in App i.e Credit limit enhanced, offers, card upgrade. Rest everything good.",2024-04-13,2,relevance,2024,30,0.8625,positive,False,False,False,False,False,True,False,False,False,False,True,False,False,False,False
vishal sg,"Stuck in Singapore with corporate amex card. Pathetic service, no chat or email to fix the problem. Only solution is phone call as per them but can't connect over their number. Really awful experience with amex.",2023-05-31,2,relevance,2023,36,-0.8243,negative,False,False,False,False,False,False,True,False,True,False,False,False,False,False,False
Rajesh Gupta,So many options are not available. Only very few are available. Not much worthy. How ever you can track your expenses. Need lot of improvements.,2021-05-08,2,relevance,2021,25,-0.0274,neutral,False,False,False,False,False,False,False,False,False,False,False,False,False,False,False
Raza Moiz,"Its been a week that i downloaded the app, however, i am yet to successfully login. Receiving the same message 'system temporarily unavailable'. Better now...after speaking to customer care.",2020-10-01,2,relevance,2020,29,0.8519,positive,True,False,False,False,False,False,False,False,True,False,False,False,False,False,False
Aabid Raine,"Due to an inadvertent oversight, I missed the payment due date. I have otherwise maintained a good repayment record. I request you to kindly reverse the late payment and finance charges as a one-time goodwill gesture.",2026-05-29,2,relevance,2026,36,0.4215,positive,False,True,False,False,False,True,False,False,False,False,False,False,False,False,True
Rohit Agarwal,Sick App..can't get connected to customer care..can't chat or even connect in case of emergencies. Unresolved issues..only sweet talks and false promises. Still can't understand HOW MUCH AMEX PAID TO GET THE BEST CARD AWARDS. Those who don't believe.. try calling themselves the Helpline numbers or using the App,2024-09-06,2,relevance,2024,49,0.8993,positive,False,False,False,False,False,False,False,False,True,False,False,False,False,False,False
A Google user,The app does everything it is supposed to do except I have not been able to use Amex pay successfully so far. Tried it twice but it didnt work. I am not sure if the problem was with merchant's PoS terminal's connectivity or the app so giving it 1 star less,2019-09-09,2,relevance,2019,51,0.021,neutral,False,True,False,False,False,False,False,False,False,False,False,False,False,False,False
A Google user,"I have lost trust with the card service, you representative gave me incomplete info about availing the discount and the Amazon cashback ads are completely misleading..I haven't received any cashback as promised. Your customer care service executives have given up on my queries. Pathetic service!!!",2019-10-12,2,relevance,2019,45,0.6784,positive,False,False,False,True,True,False,False,False,True,False,False,False,False,False,False
A Google user,"Easy view of charges and payments. while the qr code payment and NFC payment options are nice, merchants who provide that service are few and far between.",2019-03-09,2,relevance,2019,27,-0.2103,negative,False,True,False,False,False,False,False,False,False,False,False,False,False,False,True
A Google user,108MB is the size of app for credit card. Developers kindly optimize the size of app. App provides very basic information of credit card. Why you need such a big fat app?,2019-07-23,2,relevance,2019,32,0.891,positive,False,False,False,False,False,False,False,False,False,False,False,False,False,False,False
Trishal Agarwal,The App doesn't update the payment which has been made for the current statement. Real time update is not available even the money is credited in my credit card account..,2020-12-01,2,relevance,2020,30,0.6249,positive,False,True,False,False,False,True,False,False,False,False,True,False,False,False,False
Ashish Shukla,"From last many days application is not accessible, it is giving error our system is temporarily unavailable. Please try again",2020-10-23,2,relevance,2020,20,0.25,neutral,False,False,False,False,False,False,True,False,False,False,False,False,True,False,False
Yasho M (Maddy),"Now the payment interface is great you haveultiple option of UPI, Net banking, QR code etc. Now it's good. Only one thing why we need to enter the card number and amount whenever making payment. Thats the tideous job, app should fetch the details from the app data or latest bill itself...",2023-09-23,2,relevance,2023,52,0.8074,positive,False,True,False,False,False,False,False,True,False,False,False,False,False,False,False
jaiprakash yadav,Very poor experience. I made excess payment about 1.5 lacs. Their app is showing negative balance. I asked them to refund the payment for which they agreed initially to refund by asking 3-5 working days. I was assured with confidence and they did not ask anything apart from. Bank details. When I followed up with them they asked statement of account after 5 working days. No communication from them to provide statement of account in between.Now I provided documents and they are denying the receipt,2025-01-07,2,relevance,2025,85,-0.5849,negative,False,True,False,False,False,True,False,False,False,False,False,False,False,False,True
Srikanth Nandi,"It's been difficult for past few months ascard bill payments are restricted on various other payments platforms due to Amex payment process system updation is still in progress. Also when payment is completed, it still does not show up the confirm back on Amex page rather shows the amount again to make payment which is actually misleading the customer. Similar issue faced with Amex 3rd party Gyftr app where vouchers are all vouchers are not issued and neither party have resolved the issue.",2025-01-24,2,relevance,2025,83,-0.6219,negative,False,True,False,False,False,False,False,False,False,False,False,False,False,False,False
RONAK RD,Awesome experience with american Express credit card. Customer care team is very supportive and solve the query within a short period of time. Way of the communication with customer is also good. Offer is also good only one things is not good amex card we cannot be utilizes any place there is so many restrictions as compared with visa /rupay. They need to improve. Due to that reason I am giving 4 out of 5.,2023-08-31,2,relevance,2023,75,0.9688,positive,False,False,False,False,True,False,False,False,True,False,False,False,False,False,False
Vikas Mathur,Making a payment via the app is so cumbersome. We have to log in again. And even after logging in again have to enter the card details manually everytime. This obviously can be made simpler,2024-07-29,2,relevance,2024,35,0.0,neutral,True,True,False,False,False,False,False,False,False,False,False,False,False,False,False
Yuvraj Narewade,App is simple to use. It has all the basic features. The payment process could be improved. One needs to enter Amex card details again on the payment page. It would be great if you could support the UPI payment option to pay the credit card bill.,2026-04-23,2,relevance,2026,47,0.9022,positive,False,True,False,False,False,False,False,False,False,False,False,False,False,False,False
vijay anand,Payment due reminder is restricted to 3days before payment date.. The whole idea of reminder is so that I am reminded before due date.. This facility is aimed at users to fail repayment. Hence 3 stars. Otherwise the ecperirnce in the app is good.,2020-05-15,2,relevance,2020,44,-0.4939,negative,False,True,False,False,False,True,False,False,False,False,False,True,False,False,False
sivaganesh m,Payment of credit card is not possible in the app. This app link to a web page. You have to fill all the details manually and payment is possible with 5 mins of time spent.,2023-04-28,2,relevance,2023,35,0.3818,positive,False,True,True,False,False,False,False,False,False,False,False,False,False,False,False
Ajay Kotwal,"1.The amount does not appear while paying That is a handicap since many times it is difficult to remember.2. Inspite of payment it is not updated immediately. 3"".I agree "" That acceptance box is micro-mini difficult to read",2021-02-15,2,relevance,2021,38,0.128,neutral,False,True,False,False,False,False,False,False,False,False,False,False,False,False,False
A Google user,Simply excellent. it's a great bridge between the facilities and the customers. things are done at so much ease using the Amexapp. Thank you amex,2019-06-01,2,relevance,2019,25,0.9198,positive,False,False,False,False,False,False,False,False,False,False,False,False,False,False,False
A Google user,Excellent service and very good app. one area of improvement might be linking the payment page directly without getting redirected through multiple pages.,2019-05-26,2,relevance,2019,23,0.8718,positive,False,True,True,False,False,False,False,False,False,False,False,False,False,False,False
A Google user,"Not able to open the app anymore. It says the app is obsolete and no updates are availablr in playstore. Even after reinstalling, same problem persists",2019-08-31,2,relevance,2019,26,-0.7269,negative,False,False,False,False,False,False,False,False,False,False,False,False,False,False,False
Sharadraj Raju,"Hands down! The best banking app I have ever used. Clean UI, very customer friendly. My only suggestion is to be able to view the rewards earned per transaction statement feature intergrated in this app. Kudos to team behind the development of this app..Keep it up!!",2021-01-21,2,relevance,2021,46,0.9562,positive,False,False,False,False,False,True,False,True,False,False,False,False,False,False,False
bhadresh patel,"Poor services, They deliberately don't send you due intimations on message so that you forget payment and pay late payment charges and interest. Don't use this card, if using thn kindly cancel this card.",2022-07-22,2,relevance,2022,34,-0.3744,negative,False,True,False,False,False,False,False,False,False,False,False,False,False,False,True
A Google user,The app is neat but it does not have advanced features like switching off card when not in use or disabling international transactions or limiting purchase to a specific amount that major other credit card providers facilite users with.,2019-04-01,2,relevance,2019,39,0.4229,positive,False,False,False,False,False,False,False,False,False,False,False,False,False,True,False
Swapnil Shende,App is user friendly. Once card delivered you can make four transaction and then suddenly you observe card working stop on all platforms and getting error contact support team. I contacted support and new card will deliver again in 10 days. Means we get only 60 days to spend 90k So not good service. Feels they make fool.,2024-09-11,2,relevance,2024,58,-0.2226,negative,False,False,False,False,False,True,True,True,True,False,False,False,False,False,False
A Google user,Good app. Easy to access all needed information. If there is some information you don't see on app call call center they are always happy to help.,2019-03-06,2,relevance,2019,27,0.9042,positive,False,False,False,False,False,False,False,False,True,False,False,False,False,False,False
A Google user,"First payment made with an online Company, payment gone from my account and the Company doesn't got money even after 4 days. Hope will get back 💰 in my account without further delay. Already informed the Amex Toll Free number to do the needful.",2019-03-18,2,relevance,2019,44,0.8157,positive,False,True,False,False,False,False,False,False,False,False,False,False,False,False,False
Akhilesh Vashist,"App is useless for most of the activities except payment. Mostly it redirects to website with relogin required which is waste of time. Card experience is very ordinary despite platinum status. Acceptability is bad had to swipe 3 times and call up CC for petty spend. Never thought would say this but SBI Aurum card app and services are far easier to navigate and is superior faster and reliable including the privileges, milestones and rewards redemption. So far a very disappointing experience.",2025-12-03,2,relevance,2025,82,0.7509,positive,True,True,True,True,False,True,False,False,False,False,False,False,False,False,False
A Google user,Overall experience Great Pros : The great points program and always handy and exciting team of helpdesk. Cons : 1. Non-acceptance in a large number of places. 2. Payments at the petrol pumps. The extra charges are so incredibly high that you would never use it for fuel.,2019-12-25,2,relevance,2019,48,0.891,positive,False,False,False,True,False,False,False,False,False,False,False,False,False,False,True
Adarsh Mylavaram,It don't have nfc app. Amex cards can not be added to any other NFC contact less mobile apps. So it is not anything great.. it do not have basic features which other cards have. Their failure they cover on the name of security. Other cards have better security comepare to Amex cards and infact other cards have better features also and other cards are widely accepted but Amex cards are rejected by most of the merchants.you will get 0.25 Rs for 1 reward point.Disappointed.,2024-09-12,2,relevance,2024,85,0.3475,neutral,False,False,False,True,False,False,False,False,False,False,False,False,False,False,False
Gaurav Solanky,Useless App.. doesn't even notify about pending Card Bill. Neither able to pay card bill directly from App as it opens website of AMEX for payment of bill. Missed paying the card bill.. as neither this App gave any notification nor received any SMS for due bill. Only email reminder sent by AMEX. It notifies only after due date.,2023-01-01,2,relevance,2023,59,-0.5725,negative,False,True,True,False,False,True,False,False,False,False,False,True,False,False,False
pawan pandey,"Your app is very poor in terms of design. Incase, one need to make payment, Your app redirect to a web browser where in one need to bring his card put in the details and thereafter process the payment...this is not smooth. Just use the ui of sbi or hdfc, learn and improve",2021-06-06,2,relevance,2021,53,-0.1263,negative,False,True,True,False,False,False,False,True,False,False,False,False,False,False,False
K C,This app will NOT allow you to adjust your credit limit. It is a RBI mandate that all banking apps allow you to adjust and possibly lower your credit limit. Somehow Amex does not care about the laws of India and is not willing to invest to be compliant according to RBI norms.,2021-03-24,2,relevance,2021,53,0.1546,neutral,False,False,False,False,False,True,False,False,False,False,False,False,False,False,False
Yogi,"I am very happy about this Application is Simplicity. You can easy to find options. There is only cons, not about app, that doesn't have option for change in credit limit spending, transaction limit and temporary block the card",2020-05-04,2,relevance,2020,39,0.7645,positive,False,False,False,False,False,True,False,False,False,False,False,False,True,False,False
Saurav,Not a very useful application. User has to enter card details everytime to make the payment. Additionally no reminders/notifications are sent on due date or transactions.,2021-10-05,2,relevance,2021,26,-0.589,negative,False,True,False,False,False,True,False,False,False,False,False,False,True,False,False
Anoop Kumar,Poor app and poor service from amex. Designed in such a way that user lacks important information for credit card. And you end up paying extra charges and fines.,2020-05-21,2,relevance,2020,29,-0.5994,negative,False,True,False,False,False,False,False,False,False,False,False,False,False,False,True
A Google user,"I am jot a fan of an option provided which cannot be exercised, I have also spoken about this in this at length with Amex Customer support (which otherwise is phenomenal) Why is the ad hoc direct debit still lingering on the website for over a year (4 from what I heard) and called temporarily unavailable!",2019-03-02,2,relevance,2019,56,0.6476,positive,False,False,True,False,False,False,False,False,True,False,False,False,False,False,False
A Google user,All things going excellent. One constraint is 99% shops not accepting Amex card . Try to solve this issue and complaint from shopkeeper side is charges more and amex taking more days crediting their account. So try to solve this issues.,2020-02-08,2,relevance,2020,41,0.4512,positive,False,False,False,False,False,False,False,False,True,False,False,False,False,False,True
A Google user,The app wants me to update to login even though there's no update available. Also retrieving the data once uninstalled is difficult. UI is well but not very easy to navigate. Need support on the log in issue.,2019-09-07,2,relevance,2019,38,-0.174,negative,True,False,False,False,False,False,False,True,False,False,True,False,False,False,False
Ashish Goyal,"Worst credit card program, it's not rewarding but sucks money out of you in terms of hidden fee etc. There are much better credit cards out there, like HDFC or ICICI. Only accepted at 30% of pos and rejected on multiple online sites.",2020-11-24,2,relevance,2020,43,0.8284,positive,False,False,False,False,False,False,False,False,False,False,False,False,False,False,True
A Google user,awesome app.. thanks.It would be great if we could get our rewards points converted to money and we can pay our outstanding bills. when we can expect the New version of this app in which that feature is enabled.,2019-02-27,2,relevance,2019,39,0.9423,positive,False,True,False,True,False,True,False,False,False,False,True,False,False,False,False
syed rahman,"No support!! Amex team , I had sent an email to share the payment link since I'm having some issues accessing the account as usual but there's no email response. Can someone please share me the link to pay the balance???? I keep getting msg that we've been trying to contact you bit no response. Payment will be made if the support is extended without it even your customer can't do anything.",2022-10-03,2,relevance,2022,72,0.6823,positive,False,True,False,False,False,True,False,False,False,False,False,False,False,False,False
A Google user,Lag between statements and spends. Fingerprint sensor does not take in all approved fingerprints for the device. Alex Pay doesn't work a lot of times.,2019-09-14,2,relevance,2019,25,0.0,neutral,True,True,False,False,False,False,True,False,False,False,False,False,False,False,False
A Google user,Junk app doesnt change CHIP pin or anything. Everytime you click it will open website and website open its app. Circle goes and you cant change PIN,2018-11-04,2,relevance,2018,27,0.0,neutral,False,False,True,False,False,False,False,False,False,True,False,False,False,False,False
A Google user,Credit card payment on app redirects you to web page where you enter all your details. This is such a pain. Absolutely frustrating 👎,2020-04-25,2,relevance,2020,24,-0.5984,negative,False,True,True,False,False,False,False,False,False,False,False,False,False,False,False
A Google user,"While logging getting messgae "" This version of american express app is no longer supported. Please visit google store"". I unstillesd the app and downloaded again but same error",2019-09-02,2,relevance,2019,29,-0.6099,negative,False,False,False,False,False,False,True,False,False,False,False,False,False,False,False
Rohit Saini,"This app is good. One thing which wants to improved that is payment, when i have registered my credit card details on app in that case also I have to enter my credit card details on each time of payment, in other credit card apps that feature is auto populated.I think it should be improved.",2020-05-05,2,relevance,2020,55,0.9423,positive,False,True,False,False,False,False,False,False,False,False,False,False,False,False,False
A Google user,"This app is super significant with it's tap & pay facility as you just need to unlock the phone and tap on terminals without being worried of opening the app and log in. Also, as amex is a next level thing, you don't need to be worried about any other concerns. 3rd thing: it's simply awesome.",2019-08-05,2,relevance,2019,56,0.8437,positive,True,True,False,False,False,False,False,False,False,False,False,False,False,False,False
A Google user,"I would like to see my billing cycle within the app. Other than this small thing, I think it's a very good app with respect to ease of setting up, use, information provided etc. Keep up the good work!",2019-08-06,2,relevance,2019,39,0.9258,positive,False,False,False,False,False,True,False,False,False,False,False,False,False,False,False
A Google user,good application. user friendly and transparent. many banks show reward point at end of month and keep confusing but I found Amex best. but challenge is that Amex is card is not accepted at many places.,2019-03-13,2,relevance,2019,36,0.8744,positive,False,False,False,True,False,False,False,True,False,False,False,False,True,False,False
Amba Tak,"A very perfect work flow design by American Express, congratulation to the whole team, only your charges are bit higher than other players, the account opening charges 5000, of course we can a reimburse them if we use the card properly.",2025-07-25,2,relevance,2025,41,0.6901,positive,False,False,False,False,False,False,False,True,False,False,False,False,False,False,True
A Google user,"This is a pathetic app, doesn't give alert for payment dues and interestingly Alert comes after due date. Is it company policy to earn late payment charges.",2020-04-26,2,relevance,2020,27,-0.4191,negative,False,True,False,False,False,True,False,False,False,False,False,True,False,False,True
manish aswani,There was time that please used to late example of amazing service that American express used to give... I think that time is way past. Absolutely disappointed with the experience with them,2023-11-06,2,relevance,2023,32,0.4033,positive,False,False,False,False,False,False,False,False,False,False,False,False,False,False,False
A Google user,Why is that I does not support having multiple cards added simultaneously. Then why the hell the company supplies me with supplementary cards. How do check the transactions of my different cards.,2019-03-12,2,relevance,2019,32,-0.7819,negative,False,False,False,False,False,False,False,False,False,True,False,False,False,False,False
A Google user,"I am happy to use Amex card however the only challenge is its acceptance at most of the vendors. I am from chandigarh and it is not accepted at most of the vendor ie small and mid vendors. Some of shops stick a Amex accepted sticker in their shops when you keep out amex from your wallet they mostly say ""Amemx Machine not working"". Amex management has to look into such issues because your customers are not fully utilizing your card and which cost them costlier due to heavy yearly fee.",2019-10-12,2,relevance,2019,91,0.8067,positive,False,False,False,False,False,False,True,False,False,False,False,False,False,True,True
A Google user,Super easy to use. Best part is I can make the payment from within the app at just one click. Far More user friendly than any other credit card apps.,2020-02-16,2,relevance,2020,30,0.9522,positive,False,True,False,False,False,False,False,True,False,False,False,False,False,False,False
NAVIGATOR PUNE,Most useless app that I have seen. It's ask for password everytime. Doesn't display the amount due on cards while payment. Doesn't reflect the amount paid long after payment.,2024-06-29,2,relevance,2024,29,-0.4754,negative,True,True,False,False,False,False,False,False,False,False,False,False,False,False,False
Shyam Singh Negi,"App is nice, moreover i would also appreciate the customer care who always pick the call in a single bell. Again, customer care is one of the best in india. But now days in lots of places Amex is not being allowed to use.",2020-09-25,2,relevance,2020,44,0.8201,positive,False,False,False,False,False,False,False,False,True,False,False,False,False,False,False
Ravikumar Gandhi,"The card is not accepted in most of the outlets, customer care is very worst. The tickets are closed without customer's consent.",2026-04-04,2,relevance,2026,22,-0.568,negative,False,False,False,False,False,False,False,False,True,False,False,False,False,False,False
Aadi Desai,"WORST 2025 Feb onwards they changed the billing method n I found it very difficult to pay my bil n 2 get in touch,hence stopped using the card.later I got mail if I dont use my card it will be closed after 6 mont of no usage. I left it, they didnt close bt in Dec they billed me the yearly charges and just sent mail no other communication. I understood only when my CIBIL fell in Feb 2026. Later I contacted and I asked to rectify they were very slow to respond via call (30 mins) n mail (20 days).",2026-04-19,2,relevance,2026,101,-0.9402,negative,False,True,False,False,False,False,True,False,False,False,False,False,False,False,True
A Google user,App is very good. Only improvement needed is to have an option to check the total credits and debits in a given time period.,2019-08-17,2,relevance,2019,24,0.85,positive,False,False,False,False,False,False,False,False,False,False,False,False,False,False,False
Vishwas S Bindiganavale,"Transaction Security Settings not working! Even on the website, Transaction Security Settings for each card is unavailable - when you make any change, it applies to ALL cards!! AMEX has become really rubbish...",2025-09-29,2,relevance,2025,33,0.6884,positive,False,False,True,False,False,True,True,False,False,False,False,False,False,False,False
A Google user,No functions outside login. This is a big limitation done by poor design. There may be many users who are interested in buying a new credit card. But this app gives access only to existing customers.,2020-01-26,2,relevance,2020,36,-0.1531,negative,True,False,False,False,False,False,False,True,False,False,False,False,False,False,False
Sukanta Parial,"Was using their cards since 2006 but not only their services and offers have deteriorated but they started taking their customers for granted, even while competition was catching up in terms of novelty of offers.the app doesn't help much.they spam the mail box and expect their customers to chase each of their promotions for the rewards.don't think they understand their own customer profile.they are killing the brand and what it stood for.gave up the card after 17 yrs. Last 2 years was the worst",2023-11-17,2,relevance,2023,84,-0.9095,negative,False,False,False,False,False,False,False,False,False,False,False,False,False,False,False
A Google user,"great app. IF the app adds the following feature it will deserve 5 star rating. while making the payment it asks the card number instead of capturing automatically, it makes difficult for entering all the times. SBI provides the same. no worry of errors.",2019-05-14,2,relevance,2019,44,0.4416,positive,False,True,False,False,False,False,False,False,False,False,False,False,False,False,False
Bhavik Sartanpara,"There is no option for pay due by other bank credit card. Very disgusting service by AMEX. Kindly add the payment option with credit card also. Many payment option are not working. Payments take 24 to 48 hours which is not the justifiable, it must be done within minutes. Totally disappointed from the AMEX.",2023-08-26,2,relevance,2023,54,-0.3151,negative,False,True,False,False,False,False,True,False,False,False,False,False,False,False,False
Abhishek tiwari,I am not having a good experience with Amex overall. They are very rigid in their policies when we request them to do something for us but they can still do that thing if they want to from their end as per their wish. I am considering to close my account permanently with them. There is no other option left for me now.,2022-06-24,2,relevance,2022,63,0.0259,neutral,False,False,False,False,False,False,False,False,False,False,False,False,False,False,False
Ravi Tadepalli,Why payment experience is awful! I had to type card number all over again and enter all details including payment bank details? Took me 5 minutes to pay the bill! For a company like AMEX offering such subpar user experience is unforgivable! I wish there is an option to give ZERO stars for this.,2022-12-29,2,relevance,2022,54,0.4545,positive,False,True,False,False,False,False,False,False,False,False,False,False,False,False,False
Shashank Agrawal,"The app was worth 5 star, however currently it is very buggy and the app crashes and logs me out of the app saying that I was no active for 5 minutes even if that's not the case. Please do correct it for a better rating.",2020-08-09,2,relevance,2020,46,0.1481,neutral,False,False,False,False,False,False,False,False,False,False,False,False,False,False,False
A Google user,Simple user interface makes it an excellent app. All desirable information is available in easily understandable format. I would have loved if they could have created an option of making payment of credit card by a debit card of other Banks too (at present Citibank is the only option),2019-11-26,2,relevance,2019,49,0.9423,positive,False,True,False,False,False,False,False,True,False,False,False,False,False,False,False
Bagish Sinha,"The app overall is good but there is scope of UX improvement. Things like previous statement, my actual card number etc. should be available on one click as with other providers such as ICICI.",2022-08-02,2,relevance,2022,34,0.8641,positive,False,False,False,False,False,True,False,True,False,False,False,False,False,False,False
Arko Banerjee,"Poor experience with the Amex travel portal both in app and website, windows and Mac. It is not working. Everytime I get an error saying 'connecting with switchfly is not available in your region'. Funny thing is customer service does not even recognise there is a problem and keep telling me to keep trying!",2025-01-04,2,relevance,2025,54,-0.7088,negative,False,False,True,False,False,False,True,False,True,False,False,False,False,False,False
Tahir Ansari,One of the best app as well as the bank. I am part of this bank since 2 last years and never contacted the bank via email or call because I never faced any issue. Chatting is so quick and easy and can solve all your queries.,2022-11-03,2,relevance,2022,47,0.8824,positive,False,False,False,False,False,False,False,False,False,False,False,False,False,False,False
A Google user,Payment to credit card is not abailable from app. We Can not add money to HDFC pazzapp. high charges if you make payment to petrol pump.,2019-04-04,2,relevance,2019,26,0.128,neutral,False,True,False,False,False,False,False,False,False,False,False,False,False,False,True
Rk p,Best card with great services. Only thing that I couldn't do was: couldn't pay premium of my icici prudential plans. Rest everything is great....,2021-04-06,2,relevance,2021,24,0.9287,positive,False,True,False,False,False,False,False,False,False,False,False,False,False,False,False
Ishita Walia,Pathetic service being given. Can't resolve a simple error in 7months and claim they don't have the staff/respective members in the office to solve the query.,2021-01-08,2,relevance,2021,26,-0.7772,negative,False,False,False,False,False,False,True,False,False,False,False,False,False,False,False
Anil Abraham,"Terrible service, triple charge done of a single transaction. No help in rectification. Better service can be expected from entry level card. Customer care cuts calls.",2023-07-17,2,relevance,2023,26,-0.1174,negative,False,False,False,False,False,True,False,False,True,False,False,False,False,False,True
vignesh vasudevan,Really a worst app.. Screen is not at all loading for sometime and getting hanged in the middle of any process..,2022-02-27,2,relevance,2022,21,-0.6573,negative,False,False,False,False,False,False,True,False,False,False,False,False,False,False,False
Suvendu Swain (Suvi),"unable to switch off safe key option from the app. Quiet disgusting option, By mistake i have enabled it but not able to switch it off now.",2020-05-13,2,relevance,2020,27,-0.2382,negative,False,False,False,False,False,False,False,False,False,False,False,False,False,False,False
Shaival Thakkar,Customer service is pathetic. I used the card for 2 years and maintained it very well. The pathetic customer service forced me to cancel my card. Please do not pay for amex cards.,2020-10-19,2,relevance,2020,33,-0.826,negative,False,True,False,False,False,False,False,False,True,False,False,False,False,False,False
kaushik kanjilal,"terrible interface as compared to other credit cards, have to type card no twice while making payments - just like 10 yrs ago",2021-04-28,2,relevance,2021,23,-0.0516,negative,False,False,False,False,False,False,False,True,False,False,False,False,False,True,False
A Google user,"Unable to pay by scanning bharat qr code, it says qr code is not enabled for transactions. An option to disable international transactions would be appreciated.",2019-04-13,1,relevance,2019,26,0.4404,positive,False,True,False,False,False,False,False,False,False,False,False,False,False,True,False
Mukesh Aggrawal,Simple app. Amazing customer support. I want to say other bank to learn what is meant by customer support. Thanks amex.,2021-04-29,1,relevance,2021,21,0.9081,positive,False,False,False,False,False,False,False,False,True,False,False,False,False,False,False
A Google user,"Just to increase the traffic on website, they push emails with offers which don't exist. Becoming just like another e-commerce store.",2018-10-30,1,relevance,2018,21,0.5859,positive,False,False,True,False,False,False,False,False,False,False,False,True,False,False,False
Srinivas S,Simple and clean app. Customer service messaging is another good feature on top of excellent support we get from them.,2020-07-21,1,relevance,2020,20,0.9153,positive,False,False,False,False,False,False,False,False,True,False,False,False,False,False,False
Deepak Thakur,"Not such a user friendly app, in this digital world this is very very basic app provided by Amex.. it more takes you to other screens like web for rewards and other details..",2024-07-31,1,relevance,2024,33,0.8316,positive,False,False,False,False,False,False,False,True,False,False,False,False,False,False,False
A Google user,well developed app with easy navigation. and recent update for finger print access is making it more convenient and secure than pin based access.,2019-03-12,1,relevance,2019,24,0.7693,positive,False,False,False,False,False,False,False,False,False,True,True,False,False,False,False
A Google user,Editing review as amex has finally added fingerprint login to android app. ____________________________________ Entering password every time for logging is a serious trouble. Why can't you enable fingerprint authentication on Android when this feature is already existing on iOS. Why discriminate with Android?,2019-09-19,1,relevance,2019,43,-0.4588,negative,True,False,False,False,False,False,False,False,False,False,False,False,False,False,False
Arpit Rajbansh,"Not able to install on Motorola Razr 40 Ultra device. Trying to download from Playstore but download gets stuck in ,86% and then it times out. Other apps installed fine.",2023-07-16,1,relevance,2023,30,-0.0772,negative,False,False,False,False,False,False,True,False,False,False,False,False,False,False,False
A Google user,"would have given 5 if it had an easier way to pay the bill from the app, instead of going to the website and providing card details.",2019-07-10,1,relevance,2019,27,0.34,neutral,False,True,True,False,False,False,False,False,False,False,False,False,False,False,False
Anuj Arora,"Kindly add other functions of website in the app. Please add feature of restricting usage like limit.changing ,number of transactions in a day etc. features in the APP.",2021-03-24,1,relevance,2021,28,0.6908,positive,False,False,True,False,False,True,False,False,False,False,False,False,False,False,False
A Google user,great app easy to tract credits and debits. the only thing with Amex card is doesn't work all the places,2019-02-14,1,relevance,2019,20,0.8591,positive,False,False,False,False,False,False,True,False,False,False,False,False,False,False,False
Raj Sekhar Reddy S,"Team, pay through notification is not working. Also, can I disable that pay with notification option.. I would rather want to receive OTP bydefault instead of notification",2020-08-13,1,relevance,2020,27,-0.128,negative,True,True,False,False,False,False,True,False,False,False,False,True,False,False,False
Brijesh Wadhera,"App is very good to check statement, it should also have option to activate card and redeem points that saves time.",2021-03-21,1,relevance,2021,21,0.4927,positive,False,False,False,True,False,True,False,False,False,False,False,False,False,False,False
Mathiyazhagan Pushpalingam,"Not usable all the shops. Many of shops not acceptable. Fuel tax applicable, so max time not using for fuel, not much useful this card.",2021-01-11,1,relevance,2021,25,-0.5216,negative,False,False,False,False,False,False,False,False,False,False,False,False,False,False,False
A Google user,"Can not login via app last few days, app is updated but every time it is showing for update. also call to american express forbthis issue. he told me to raise concern to app developer. Please do on urgently.",2019-09-03,1,relevance,2019,39,0.4497,positive,True,False,False,False,False,False,False,False,False,False,True,False,False,False,False
A Google user,"Best credit card, in the globe.EVery time when I talk with their customer care I feel that I talk with my friend, no fake charges all the things are transparent,if you do any mistake they will help...., I don't like any card because no card have little bit comparison with Amex.luv u Amex. ❤❤❤❤❤❤❤❤",2018-10-09,1,relevance,2018,54,0.994,positive,False,False,False,False,False,False,False,False,True,False,False,False,False,False,True
A Google user,App is good. But one main feature of turning on n off of credit card transactions via app is missing. It would great n secured feature if you implement it.,2020-01-05,1,relevance,2020,30,0.9144,positive,False,False,False,False,False,False,False,False,False,False,False,False,False,False,False
Navin Gupta,"Repayment options are terrible, why can't you just accept a debit card with the otp and not ask to log in to olb to make the payment.",2022-04-02,1,relevance,2022,27,-0.6467,negative,True,True,False,False,False,False,False,False,False,False,False,False,False,False,False
Vidyabhushan Panchamukhi,"App is not opening at all. Everytime I am trying to open, either its closing without opening app or getting ""Amex IN Runtime exception"".",2024-03-18,1,relevance,2024,24,0.0,neutral,False,False,False,False,False,False,False,False,False,False,False,False,False,False,False
Ananya Kaul,Terrible interface and more or less always throws up technical errors while using membership points.,2021-11-07,1,relevance,2021,15,-0.6705,negative,False,False,False,True,False,False,False,True,False,False,False,False,False,False,False
VIJAY KUMAR SAINI,"Superb only one point I feel it should have and that is, this app should show total expenditure in a year side by side on right hand corner.",2024-07-12,1,relevance,2024,28,0.8074,positive,False,False,False,True,False,False,False,False,False,False,False,False,False,False,False
dilip k,"Just try to discontinue with Amex card, you will see their actual face. They will make sure to put so many unnecessary charges by stating that you need to read the policy and bla bla. very shamefully they will tell that its written in the terms and conditions. They will tell that they are looking into your matter and keep increasing the interest rate during this period and in the last no resolutions but so many charges and fines. DON'T GET INTO THEIR TRAP",2026-05-22,1,relevance,2026,84,-0.8314,negative,False,False,False,False,False,False,False,False,False,False,False,False,False,False,True
Ravinder Verma,"For paying the credit card due, you have to enter the card number twice and then so many other things. Why cant we have the card selection and then a simple button like Pay, choose payment method and done. It is opening a whole new webpage to do the payment which is not good for a banking app.",2024-08-22,1,relevance,2024,58,0.3806,positive,False,True,True,False,False,False,False,False,False,False,False,False,False,False,False
Pranav Ratra,"There are a lot of things for which one has to move away from the app to access. It would be better if it functioned more cohesively in that regard. For example, if I have to make the payment of the bill, and I click 'make payment', I will be directed to an external amex website to finish the payment.",2025-11-02,1,relevance,2025,60,0.4404,positive,False,True,True,False,False,False,False,False,False,False,False,False,False,False,False
VSR V,The review is updated as follows: Payment to credit card bill is cumbersome. The app opens another browser and one needs to enter the card number again. I do not know why the team does not work up on this. App is helpful to just see the due dates and the reward points. Expect lot of improvements at par with the peet's apps.,2020-08-10,1,relevance,2020,63,0.8934,positive,False,True,True,True,False,False,False,False,False,False,False,False,False,False,False
Milan Nanda,Poor options. Display not good. Need all data to be entered for making payment. Poor design.,2024-02-08,1,relevance,2024,16,-0.8227,negative,False,True,False,False,False,False,False,True,False,False,False,False,False,False,False
saumil,Not accepted at any hp pumps in baroda/ahmedabad. HP pay app also npt accrpting amex card. Already complaint to amex customer care....but nothing happening....planning to stop this amex card as most places not accepting this.,2020-12-31,1,relevance,2020,35,-0.609,negative,False,True,False,False,False,False,False,False,True,False,False,False,False,False,False
Shitiz Khurana,something is seriously wrong. 1. removing from Samsung pay was a big deal as I do not carry wallet or cash most of the times. 2. you cant store card on Amazon... why cant you enable COF ? from best to worst :/,2025-12-05,1,relevance,2025,43,-0.7003,negative,False,True,False,False,True,False,False,False,False,False,False,False,False,True,False
Sanjay H,Very good app. It shows all balance in one single app. Need one more option to show pending EMI information in app.,2020-11-20,1,relevance,2020,22,0.4927,positive,False,False,False,False,False,True,False,False,False,False,False,False,False,False,False
shyamanta kakati,Why most of time your system is either not responding or is down. Why don't you just use the US app in India as well. I feel your app upkeep and update is abysmal.,2020-08-24,1,relevance,2020,34,0.2732,neutral,False,False,False,False,False,False,False,False,False,False,True,False,False,True,False
DR. A MAHESHWARI,"After the recent update, messaging tab has been removed which isn't appreciated. Rest app features are almost fine. Additionally we want that the transactions statement list can be made as per our need to check the expenditure on custom dates.",2022-04-04,1,relevance,2022,40,-0.2252,negative,False,False,False,False,False,True,False,False,False,False,True,False,False,False,False
Aseem Ahuja,Easy to use and loaded with all features. I haven't used the web portal ever since I started using the App.,2026-06-19,1,relevance,2026,21,0.4404,positive,False,False,False,False,False,False,False,False,False,False,False,False,False,False,False
Mutturaj Ds,"Unreliable, untrustworthy, I have very bad experience with the application & vendor. Never get into a trap by American express, to lose your hard earned money. American express asked me to pay the money after closing my account.",2022-02-20,1,relevance,2022,38,-0.8622,negative,False,True,False,False,False,False,False,False,False,False,False,False,True,False,False
A Google user,This is one of the best user friendly credit card app I've used. All the necessary details are available in the home screen. History of your account is also interactively shown and no unnecessary clutter is there.,2019-06-24,1,relevance,2019,37,0.8316,positive,False,False,False,False,False,True,False,True,False,False,False,False,False,False,False
Gurpreet Singh,"The best among all Credit Card apps. Its interface is so clean and simple, making it look beautiful and elegant. Simplicity always rock, and so does American Express. Keep up the good work.",2025-02-22,1,relevance,2025,33,0.9647,positive,False,False,False,False,False,False,False,True,False,False,False,False,False,False,False
Munesh Goudappanavar,"Hi, Basic app and website, most of the time transaction gets declined. Guys, woke up and do the changes to survive in this competitive environment.",2026-05-23,1,relevance,2026,25,0.2204,neutral,False,False,True,False,False,True,False,False,False,False,False,False,False,False,False
Sree devi,poor customer service.Don't have chat customer facility. Even if we call toll free number not connecting to call center person. Hidden charges. Applied for only one card issued two cards. I activated only one card but charged for two cards. Many issues with the card,2025-03-30,1,relevance,2025,45,-0.3612,negative,False,False,False,False,False,False,False,False,True,False,False,False,False,False,True
A Google user,"Worst experience that i ever have with any credit card company , reason mentiined in 3 points:- (1) this is not available at almpst 80% POS as american express card service cahrges are exponentialy high. (2) they are running refferal programme , under which i reffered to my friends and even after mail they have not credited my rewards points against successful card approval. (3) i have requested to decrease my credit limit although they have not done so. Such a pathatic service.",2019-12-01,1,relevance,2019,83,0.7533,positive,False,False,False,True,False,True,False,False,False,False,False,False,False,False,False
Arpit Rathi,"worst because no facility from amex, only customer service is very good and app is not supported for device and card is not accepting in store or fuel pump or restaurant and it's charges very high in fuel surcharge and many more cannot do payment from any other app like Amazon and eBay website is not accepting his own country card like AMEX card",2025-12-31,1,relevance,2025,64,-0.5909,negative,False,True,True,False,False,False,False,False,True,False,False,False,False,False,True
ARUN KHANDELWAL,"Made payment 4 days ago, got the confirmation on sms same day. Got another sms confirming funds transferred to account with a disclaimer payment subject to realisation. 4 days and still not able to ascertain/compute whether payment recieved or not? Highly disappointing with an American Biggie. Shame !",2022-05-17,1,relevance,2022,48,-0.1399,negative,False,True,False,False,False,False,False,False,False,False,False,True,False,False,False
A Google user,"One of the worst card in India... You may be harassed/ charged highly on the name of credit review even after using card for 2-3 years.... You may be under scanner of various agency like IT, Enforcemet by using Amex card... So never apply/use Amex card if wants to leave peaceful... Hated😡🔥 it..",2019-11-02,1,relevance,2019,53,-0.836,negative,False,False,False,False,False,False,False,False,False,False,False,False,True,False,False
Krishna Chaitanya (KC),Great app. Really the only issue I have with it is the animation from the transactions to the Cards on top is too sensitive to the touch. You swipe down even a little and it jumps into the cards section which takes a few clicks and time to get out of.,2021-04-09,1,relevance,2021,51,0.7096,positive,False,False,False,False,False,False,False,False,False,False,False,False,False,False,False
Shouvik Sen,The payable amount should show on the payment page. One needs to memorize the amount before navigating to the payment page. Everything else is just perfect.,2020-06-07,1,relevance,2020,26,0.5719,positive,False,True,False,False,False,False,False,False,False,False,False,False,False,False,False
gourav tyagi,They will charge u 1200rs if u by mistake pay 1rs less then ur total outstanding. That also when it's ur first mistake after using the card for more than a year. I mean this is the worst experience I had with any card provider. Pure scam....,2021-08-01,1,relevance,2021,47,-0.8275,negative,False,True,False,False,False,True,False,False,False,False,False,False,False,False,True
A Google user,Easy to use. Support fingerprints.User friendly. Updated regularly. Most of the required information are within one or two clicks. Payment option is also easy to use.,2019-07-04,1,relevance,2019,26,0.8934,positive,False,True,False,False,False,False,False,True,False,False,False,False,False,False,False
Amit Agarwal,The app automatically disables Fingreprint Login option everytime post an update. This is really hassling when trying to use this app multiple times a day. Please correct this else I will be forced to uninstall.,2023-01-19,1,relevance,2023,35,-0.1779,negative,True,False,False,False,False,False,False,False,False,False,True,False,False,False,False
Diptiman Badajena,"It's a good app; however, with very limited features. It would bring value by adding features like ""Annual spent"", ""Annual spent by categories"", ""Reward point history analysis"", ""Service charges by month"" etc. These are some of the features, which make HDFC/SBI bank app usage very intuitive. These will also save customer's time, which they spent over helpdesk waiting period. Kindly add these features to increase value of Services!",2024-07-01,1,relevance,2024,68,0.9559,positive,False,False,False,True,False,True,False,True,False,False,False,False,False,False,True
A Google user,"Overall good. More features can be added and improved. Eg., For each purchase how many reward points allocated etc... technically never faced any issues so far..",2019-12-07,1,relevance,2019,26,0.8658,positive,False,False,False,True,False,False,False,False,False,False,False,False,False,False,False
A Google user,"The BEST app I've ever seen. The things you need to know at a glance like statement balance, last transactions & reward points you'll see on home screen itself. Dedicated tabs for all required info. They've not messed up with too much of details. Just optimum information with required details. Its easy to use & super user friendly.",2019-09-12,1,relevance,2019,58,0.978,positive,False,False,False,True,False,True,False,True,False,False,False,False,False,False,False
Sunny Shah,"Used to be very good app and card now one of the worst card 1.customer service both chat and call became useless , no proper timely response 2. First their are very less offers on top of that u need to enroll for some stupid offers So 90% time u won't get any benefit 3.card not accepted at 95% places",2022-01-22,1,relevance,2022,60,-0.9014,negative,False,False,False,False,True,False,False,False,True,False,False,False,False,False,False
A Google user,Pathetic app compare to other Credit card company's apps. Everytime I try to login it's shows incorrect password however password is correct when using same password on Laptop it's accessible.,2018-10-11,1,relevance,2018,30,-0.2732,negative,True,False,False,False,False,False,False,False,False,False,False,False,False,False,False
Abhijit kumar,"It would be good, if there an option to login via 4 digit pin number rather than entering the complete alphanumeric password each time. Else everything is all good.",2020-08-10,1,relevance,2020,29,0.7269,positive,True,False,False,False,False,False,False,False,False,True,False,False,False,False,False
Sai,"Good App but the notification based verification doesn't work at all. Every time I end up choosing the message based OTP verification, would be great if this can be fixed.",2020-09-04,1,relevance,2020,30,0.8225,positive,True,False,False,False,False,False,True,False,False,False,False,True,False,False,False
Pralay Bhowmick,"In latest version, the spending bonus section is gone. It was the most useful feature of the app to check how much do I have to spend to reach next milestone.",2022-05-12,1,relevance,2022,31,0.7778,positive,False,False,False,False,False,True,False,False,False,False,True,False,False,False,False
Kuntal ROY,"Limited options Compare to web, it has limited options from UI , Also itsnot user friendly for all age group, though clean design but again not user much friendly and limited options.",2020-07-09,1,relevance,2020,32,-0.5778,negative,False,False,False,False,False,False,False,True,False,False,False,False,False,False,False
Ankit S,Transactions take hours and sometimes days to reflect. Not very helpful. Making payments is also not very straightforward. Useless app,2024-11-14,1,relevance,2024,20,-0.0028,neutral,False,False,False,False,False,False,False,False,False,False,False,False,False,False,False
Yash Rajput,"Since 3 days i am not able to update it nor install it. i tried everything, every troubleshooting steps but it is still not installing on my phone. I have s23 plus. This is very pathetic and shameful that app like Amex have such glitches which are not fixed.",2024-11-14,1,relevance,2024,49,-0.8218,negative,False,False,False,False,False,False,False,False,False,False,True,False,False,False,False
Akshay Shah,"App has limited functionality compared to Netbanking, even by other app standards. However whatever is available works flawlessly. The options are limited for services we can request. For example adjusting statement date option is not available under services.",2023-07-20,1,relevance,2023,38,-0.25,negative,False,True,False,False,False,True,False,False,False,False,False,False,False,True,False
Hemal Shah,"To manage Card and finance it's good, However when you try to use Travel services using app..it freezes. Expect a lot better when it's Amex specially for Reserve card member and higher.",2020-05-16,1,relevance,2020,32,0.6908,positive,False,False,False,False,False,False,False,False,False,False,False,False,False,False,False
krishna mohan,Excellent app. It would be great if we have an option to set daily limits. Also App is not working if the mobile is connected to wifi. It works only with mobile data.,2020-09-04,1,relevance,2020,33,0.8316,positive,False,False,False,False,False,False,True,False,False,False,False,False,False,False,False
A Google user,Although manybusefulfeatures are available bit still missing many...like redemption of points and redemption brochure is not available....also many a times it keeps on saying no response from server.,2019-07-25,1,relevance,2019,28,-0.5267,negative,False,False,False,True,False,False,False,False,False,False,False,False,False,False,False
Srikanth Basaboina,"Best credit cards are Indian origin banks credit cards ,I will recommend you to go with icici and hdfc ,sbi credit card ,if you use American express credit you will ashamed infront people even though you have limit ,you will simply get your further transactions will be denied even for 50thousand ,even if you have 2LAkhs limit,soon by next month will be closing my two credit cards with amex ,America no ,Indian and Indian origin credit cards only strictly for Indian citizens.",2024-04-24,1,relevance,2024,82,0.9201,positive,False,False,False,False,False,True,False,False,False,False,False,False,False,False,False
Sundeep Mehta,While the app is good in all aspects but payment thru the app is not good at all. It's not integrated with bill payment platforms. Why do I need to reenter my card number again? This is weird.,2022-05-13,1,relevance,2022,38,-0.4135,negative,False,True,False,False,False,False,False,False,False,False,False,False,False,False,False
Mohan Gupta,"Making payment through this app such a tedious work. When I am logging into this app why am I redirected to new page to login again. Also when I logged in there, why do I need to enter the amount again. User experience is totally zero.",2023-04-22,1,relevance,2023,46,0.0,neutral,True,True,True,False,False,False,False,False,False,False,False,False,False,False,False
MAMTA MAKHIJANEY,"The app is very good, except for that AMEX Card is not excepted everywhere. Please see that it should be accepted in all petrol pumps, hospitals and mefical stores, as the spends made with these merchants are huge to benefit American Express, who should reduce on the charges to merchants and make it equivalent to those of other credit card. The merchants dont accept Amex card saying that the bank charges are very high unlike other banks. It should also give offers of 1+1 in book my show app.",2022-05-01,1,relevance,2022,89,0.7047,positive,False,False,False,False,False,False,False,False,False,False,False,False,False,False,True
Surendra Mohan Gupta,It us a wonderful experience especially when I go to the lounges at multiple airports. But acceptance kevel at Global outlets is poor even in the USA. Establishments are wary if the high cost of transaction fees levied.,2023-07-04,1,relevance,2023,38,0.296,neutral,False,False,False,False,False,True,False,False,False,False,False,False,False,True,False
A Google user,"Great App. All the balance information is there. Sometimes some transactions get posted after a long time, not even visible under pending. Please look into it. Rest its awesome.",2019-04-04,1,relevance,2019,29,0.8885,positive,False,False,False,False,False,True,False,False,False,False,False,False,False,False,False
Shajith P.P,"Using aAmex Rewards Card for past month and it's the worst card not accepting in any POS machines and when contact the customer care, they simply reply to take it up with Merchant or they will take it up with their marketing team. Never faced such horrible experience with any other Credit cards.",2025-02-21,1,relevance,2025,53,0.6669,positive,False,False,False,False,False,False,False,False,True,False,False,False,False,False,False
Pooja Sridharan,"Painful to make payments through the app as it requires you to enter the entire card details. Also for multiple cards you need multiple login IDs, why can't it be all cards under one login ID.",2022-06-15,1,relevance,2022,36,-0.4404,negative,True,False,False,False,False,False,False,False,False,False,False,False,False,False,False
Faridabad Rajender das,"It's quite disappointing and frustrating. Most petrol pumps, insurance platforms, online payment platforms, and airport lounges in India do not accept this card, which significantly limits its usefulness.",2026-06-03,1,relevance,2026,28,-0.7678,negative,False,True,False,False,False,False,False,False,False,False,False,False,False,False,False
Prashant Singh,This is such a pathetic card. Neither is it accepted by Merchants or does not work in POS and their Customer Service team is so arrogant that they don't fee likel replying on time and when replied it is so generalised that even PSU banks will reply so basically there service is as good(or bad) as a PSU Bank unlike an MNCs. Better go for other card options available rather than AMEX which is only a namesake MNC /HNI customer bank but works as bad as a PSU Bank.,2024-09-03,1,relevance,2024,89,-0.8851,negative,False,False,False,False,False,False,False,False,True,False,False,False,False,False,True
ARAVIND PARUCHURI,Never listen our Voice when we try to get some help through their Chat Support. They want to do only what they wish.,2026-06-17,1,relevance,2026,23,0.8126,positive,False,False,False,False,False,False,False,False,True,False,False,False,False,False,False
A Google user,"Amazing app. Shows all the necessary information very quickly, without getting stuck or hang. Very smooth and user friendly.",2019-06-19,1,relevance,2019,19,0.829,positive,False,False,False,False,False,False,True,True,False,False,False,False,False,False,False
A Google user,very good App and experience. But there should be options to convert purchases into emi and to enhance credit card limit.,2019-02-07,1,relevance,2019,21,0.6701,positive,False,False,False,False,False,True,False,False,False,False,False,False,False,False,False
Nitin George,Excellent app. So easy to follow and find any options. Customer service is top notch. You won't find such good support anywhere else! Top class company. So happy I got a card!,2022-06-28,1,relevance,2022,32,0.9443,positive,False,False,False,False,False,False,False,False,True,False,False,False,False,False,False
Aishwerya Rastogi,The best credit card app in India. Spends show up almost immediately unlike others where you need to wait for a couple of days. Extremely convenient to track all spends.,2021-05-25,1,relevance,2021,30,0.7783,positive,False,False,False,False,False,False,False,False,False,False,False,False,False,False,False
Abdul Azeez,Very difficult to use this card. Vendors laughing on it. Don't want to accept thus card. Saying the AMX charging too much. My self find very embarrassing while asking counter weather they accept this card or not before processing order. Very Bad.,2024-10-26,1,relevance,2024,42,-0.7257,negative,False,False,False,False,False,False,False,False,False,False,False,False,False,False,False
Effect thepro,"Smooth App, All thing's are organized most information is available. Chat support from amex is of quick help and people are really helpful out there not just random help desk.",2024-07-29,1,relevance,2024,30,0.7379,positive,False,False,False,False,False,False,False,False,True,False,False,False,False,False,False
Nivedita Moitra,"Not user friendly.. Unlike other Bank's credit card, you have to enter the credit card number to repay the dues. And many more flaws, can't list all",2024-01-16,1,relevance,2024,27,0.4352,positive,False,False,False,False,False,False,False,True,False,False,False,False,False,False,False
rohan sharma,sometimes payment is deducted but is not reflected correctly in AMEX creditcard app... So merchant also not received amount and the customer's limit also get used so he can't try for payment again.,2025-05-28,1,relevance,2025,33,0.0,neutral,False,True,False,False,False,True,False,False,False,False,False,False,False,False,False
Daulat Sharma,"Cumbersome to navigate,difficult to transact,many of.peer group is far ahead then them.basic accounting,customer interface is out dated,traditional , nothing woe about it,its far behind others",2024-06-28,1,relevance,2024,25,0.3252,neutral,False,False,False,False,False,False,False,True,False,False,False,False,False,False,False
DiaGone Ally,"Great customer service. User centric Applications. Amazing customer service support over call and email. Unparalleled. No stress to customers. For credits amex is superb. However, for Indian subcontinent users American Express charges are not suitable. Personally speaking, I am flabbergasted.",2022-08-20,1,relevance,2022,40,0.9547,positive,False,False,False,False,False,False,False,False,True,False,False,False,False,False,True
A Google user,"American Express has always been an elite brand. Well, the app is useful in keeping track of your reward points and all the basic stuff that are needed for you to be apprised.",2019-04-08,1,relevance,2019,33,0.8271,positive,False,False,False,True,False,False,False,False,False,False,False,False,False,False,False
Surendar T,"Nice app..I am using this app for more than a year, did not face any technical issues so far. Limitation of using the amex card in PoS is the real problem.",2021-05-01,1,relevance,2021,31,-0.3353,negative,False,False,False,False,False,False,False,False,False,False,False,False,False,False,False
Chirag Nayyar,Superb App...Easy to operate and provide you all information pertaining to your Credit card. Overall I had a very nice experience from last one year.,2020-10-29,1,relevance,2020,25,0.8687,positive,False,False,False,False,False,False,False,False,False,False,False,False,False,False,False
Sanjeev Kumar,Good app experience. Easy to use and operate. No bugs. Transactions updating fast and correct.,2021-03-02,1,relevance,2021,15,0.5574,positive,False,False,False,False,False,False,False,False,False,False,False,False,False,False,False
Mayank Srivastava,"OTP doesn't come. I'd updated this app and after that, it's asking OTP for the 2 factor authorization. But OTP is not coming on my registered mobile number. Hence I am unable to use the app.",2022-05-22,1,relevance,2022,36,0.1154,neutral,True,False,False,False,False,False,False,False,False,False,False,False,False,False,False
Anirban Mondal,"Access with Finger print is not working with the latest update, please fix the issue asap. Its very irritating to type password everytime while accessing the app",2023-10-02,1,relevance,2023,27,-0.2484,negative,True,False,False,False,False,False,True,False,False,False,True,False,False,False,False
rafique shaikh,"Dear Mr Developer, I'm facing this issue in samsung galaxy m51. Unable to scan the QR code as it becomes thin rectangular like shape. I think it is a bug and you need to resolve this ASAP.",2021-02-15,1,relevance,2021,37,0.7717,positive,False,False,False,False,False,False,True,False,False,False,False,False,False,False,False
A Google user,"Even after several tries, I'm not able to download and install the app. My credit card payment is getting delayed. Please improve and work upon your user experience.",2019-10-27,1,relevance,2019,28,0.7096,positive,False,True,False,False,False,False,False,False,False,False,False,False,False,False,False
Nitin Mahajan,"Card service is excellent. But App is not user friendly. Also it doesn't appear to be an App, but a website",2021-04-02,1,relevance,2021,21,-0.2714,negative,False,False,True,False,False,False,False,True,False,False,False,False,False,False,False
Murali Siripurapu,"Excellent app that allows you to stay connected with your spending patterns and reminds you of the upcoming payments. If you holding Amex card, then this is the go to app.",2021-07-25,1,relevance,2021,31,0.5719,positive,False,False,False,False,False,False,False,False,False,False,False,False,False,False,False
A Google user,"Excellent user interface. One suggestion though. When using amex pay, the app leads to phone lock. It should lead to app lock instead of phone lock.",2019-07-11,1,relevance,2019,26,0.5106,positive,False,True,False,False,False,False,False,True,False,False,False,False,False,False,False
girish bagani,"easy to use interface, availability of most of options, very simple yet effective. font is very simple which is good. all necessary information is available.",2024-11-23,1,relevance,2024,25,0.8467,positive,False,False,False,False,False,False,False,True,False,False,False,False,False,False,False
A Google user,till not used a lot. but requires many things like offers on cards promotions various discounts on shoping and hotelling. app must give various informations on deals and rewads points. give details of coupons or discount,2019-10-29,1,relevance,2019,36,0.5023,positive,False,False,False,True,True,False,False,False,False,False,False,False,False,False,False
Ranjeet Siingh,"A card with max annual fee but doesn't work at most of the outlets. if one wants to use it, then transfer balance to MobiKwik @ 2.5 fees and then to your account. Seems a tie up. Very Disappointed. It's better not to take this card.",2025-05-21,1,relevance,2025,46,-0.0885,negative,False,False,False,False,False,True,True,False,False,False,False,False,False,False,True
Ashish,"Card wise no complaint, point system also good. But they are dealing with some term insurance people who are sailing policies with fake promise. Telling something on call, but not written in politic document. When asked to add, no response. It took me hell lot of time to close that policie. Be careful if u want to buy any policies via AMEX.",2022-07-16,1,relevance,2022,62,-0.7654,negative,False,False,False,True,False,False,False,False,True,False,False,False,False,False,False
Anshula Bhatnagar,Such a pathetic system of payment. You cannot even pay your monthly card outstanding from the app. You have to go to the website and enter your card number twice to pay the credit card bill. Never seen such a stupid system,2025-02-06,1,relevance,2025,42,-0.0783,negative,False,True,True,False,False,True,False,False,False,False,False,False,False,False,False
A Google user,"Amex customer care the best in the business, not matter which card from their portfolio you hold. And one thing I love about this app is that I can also see pending charges almost immediatly, I dont have to wait 2 days to know exactly what all transactions were made. But please let me use my figerprint to log in, its 2019 and most phones use biometrics and it doesnt make any sense as to why you'd not include it in the Android app when it is present in the iOS app, most Indians use Android.",2019-01-16,1,relevance,2019,96,0.8254,positive,True,False,False,False,False,False,False,False,True,False,False,False,False,False,True
A Google user,"Heavy size App. Kindly come up with light version, where basic operations would do, anyways many options are not available natively and redirects to some web page. Also, Cashback points redemption option is missing and much needed.",2019-01-15,1,relevance,2019,37,0.25,neutral,False,False,True,True,False,False,False,False,False,False,False,False,False,False,False
Abhinav Gupta,The app is easy to use and seems really secure. But there should be an option to view card number and other details just in case user is not keeping the card with him. Reward points are being shown transaction wise which is a really good thing. Having a very good experience after using Amex In app for almost 9 months.,2024-01-18,1,relevance,2024,61,0.972,positive,False,False,False,True,False,True,False,False,False,False,False,False,False,False,False
Arunansu Pal,"This card is not for common users. Always you have to search for the payment option where Amex card will be accepted so that limits can be achieved and annual fee can be waived off. Trying to professional tax, car insurance, no where this card is accepted. However other cards are being accepted.",2025-07-03,1,relevance,2025,53,0.4767,positive,False,True,False,False,False,False,False,False,False,False,False,False,False,False,True
S Sarkar,"Good app. Only one problem, it doesn't have functionality to limit the transaction amount per day or per transaction.",2021-03-30,1,relevance,2021,19,0.0516,neutral,False,False,False,False,False,True,False,False,False,False,False,False,False,False,False
sana khan,"Its good but at times the link doesnt works. To check new msgs i have to go back and then again opn the chat window. Also, its difficult to reset login credentials",2020-09-10,1,relevance,2020,32,-0.3182,negative,True,False,False,False,False,False,False,False,True,False,False,False,False,False,False
A Google user,"Very nice app. please add total spend during a particular time feature to the app. how can I check, how much i have spend on my credit card during a particular period.",2019-04-23,1,relevance,2019,32,0.8051,positive,False,False,False,False,False,True,False,False,False,False,False,False,False,False,False
A Google user,"Got a massage that App needs to be updated, but even after updating app and uninstall and install again, still the same messages and app not working Seems to be some bug in the app",2019-09-04,1,relevance,2019,35,0.0,neutral,False,False,False,False,False,False,True,False,False,False,False,False,False,False,False
Akash Mandal,Everything is perfect. It would be better if they add Credit Card Payment through Debit Card as well.,2021-02-18,1,relevance,2021,18,0.8834,positive,False,True,False,False,False,False,False,False,False,False,False,False,False,False,False
A Google user,"The best credit card company. Best in class customer service. Best reward system. Best app. I just luv Amex. Actually, ""Can't live life widout it"".",2019-11-08,1,relevance,2019,25,0.9753,positive,False,False,False,True,False,False,False,False,True,False,False,False,False,False,False
Shyam Gupta,"Awesome app, you can get all your amex card summary in one app. I have one suggestion if they can add feature like spend analysis will be more beneficial to users.",2020-09-06,1,relevance,2020,31,0.8687,positive,False,False,False,False,False,True,False,False,False,False,False,False,False,False,False
Prodyot Das,"The ""push-message"" method of payment confirmation is often annoyingly slow. The OTP method is much better.",2020-10-15,1,relevance,2020,16,0.4404,positive,True,True,False,False,False,False,True,False,False,False,False,True,False,False,False
A Google user,"Good app, but it would have been better if the payment option takes you to a page where you can make the payment rather than giving the AMEX card details and then make the payment.",2019-11-05,1,relevance,2019,35,0.836,positive,False,True,False,False,False,False,False,False,False,False,False,False,False,False,False
A Google user,"I don't know how this app will help, transaction details are not updated in app but transactiona are updated in web app. No use of this app. We can uninstall it.",2019-12-20,1,relevance,2019,31,-0.2382,negative,False,False,False,False,False,True,False,False,False,False,False,False,False,False,False
A Google user,"Very user friendly , woukd like to have an option to let it connect with a live support as well.",2019-08-30,1,relevance,2019,20,0.8683,positive,False,False,False,False,False,False,False,True,False,False,False,False,False,False,False
A Google user,"App is crashing, using OnePlus 7 pro with Android 10, app was working fine till yesterday but started crashing since. Can you please check and take corrective action ASAP?",2019-09-06,1,relevance,2019,29,0.5187,positive,False,False,False,False,False,False,False,False,False,False,False,False,False,False,False
A Google user,one of the worst banking app in India. very few vendors accept amex cards where by making it difficult for the customer to shop. Not much options available in the app.,2019-02-13,1,relevance,2019,31,-0.577,negative,False,False,False,False,False,False,False,False,False,False,False,False,False,False,False
Vineesh V S,After a 5 year relationship with American express I cancelled my card in 2021. The con was high yearly charges and lack of online offers in India. The pro was good customer support and free emi cancellation.,2021-03-05,1,relevance,2021,37,0.5423,positive,False,False,False,False,False,True,False,False,True,False,False,False,False,False,True
ANAND JOSHI,Wonderful app. Fantastic bank with extra ordinary persons working with them. Always helpful in resolving issues. Customer care is more than fantastic. I love this.,2020-08-11,1,relevance,2020,25,0.975,positive,False,False,False,False,False,False,False,False,True,False,False,False,False,False,False
abhinav kumar,"The app is damn slow, it takes a lot of time to load, then it work a bit fast. Previous version was better",2023-02-07,1,relevance,2023,23,0.0516,neutral,False,False,False,False,False,False,True,False,False,False,False,False,False,False,False
Sunil Mandot,"Chat experience is way too miserable notification don't come on time and by the time we respond somebody else comes in asks for verification again, something which could take 2 mins over call will take hours and hours to get done",2023-03-19,1,relevance,2023,41,-0.4939,negative,False,False,False,False,False,False,False,False,True,False,False,True,False,False,False
ashok kumar,Most of the option not available For pin change have to try many times Better it has to be user friendly Earn points details Details not available regarding how to redeem the points this app not use full,2024-07-23,1,relevance,2024,38,0.7269,positive,False,False,False,True,False,False,False,True,False,True,False,False,False,False,False
Ashish Shah,Nice app but since last few months safekey is not showing push notification at the time of online transaction.All transactions are showing OTP only. Please help me in enabling push notification authentication back.,2021-11-19,1,relevance,2021,33,0.8126,positive,True,False,False,False,False,True,False,False,False,False,False,True,False,False,False
Nikhil Sahni,"Pathetic App and Pathetic Chat support ! Didnt receive a response on chat for over 12 hours now. Needed assistance in reporting a fraud and suspicious activity on my card. American Express standards have fallen drastically. Am in disbelief that they do not treat their customer's account security as a priority. Really sad, what more do i say. Gona end my 10 year relationship with Amex after this incident and uninstall this stupid app !",2024-09-14,1,relevance,2024,75,-0.9696,negative,False,False,False,False,False,False,False,False,True,False,False,False,False,False,False
A Google user,Hats off to the customer care. They are very helpful and solve queries. New interface of the app is amazing. Its easy to use and user friendly. Other banks have to design apps like this.,2019-03-13,1,relevance,2019,35,0.9626,positive,False,False,False,False,False,False,False,True,True,False,False,False,False,False,False
Akanksha Narode,You guys need to integrate in app payments for seamless transactions. Using a browser and leaving the app every time is quite frustrating.,2025-03-16,1,relevance,2025,23,-0.4927,negative,False,False,True,False,False,False,False,False,False,False,False,False,False,False,False
Hussain,The Amex app looks very good and feels fluid. All interfaces are made to be easy to interact and their customer support is probably overall best in India among other credit card offering financial entities.,2024-12-11,1,relevance,2024,35,0.9392,positive,False,False,False,False,False,False,False,False,True,False,False,False,False,False,False
MD NAZIR,Chat option not visible. Chat not working inside AMEX INDIA APP. I am using iBall Slide Elan 3x32 Tablet. It has 3 GB of RAM and 32 GB of storage. I uninstalled and reinstalled the App but still same issue. Please check and help.,2021-12-17,1,relevance,2021,44,0.7579,positive,False,False,False,False,False,False,True,False,True,False,False,False,False,True,False
Amar Mohanty,"Excellent service and functional app, One thing I would like is a toggle to switch app into light or dark mode, amex app looks beautiful in light mode but I keep my phone on dark mode which doesn't let me use amex in light mode. Because of the auto theme change.",2024-03-17,1,relevance,2024,51,0.6757,positive,False,False,False,False,False,False,False,False,False,False,False,False,False,False,False
A Google user,Unable to acces it. Re-installed it multiple times but still unable to acces it..getting same error..this version is no longer supported and update latest app. There is no update available,2019-08-29,1,relevance,2019,30,-0.7931,negative,False,False,False,False,False,False,True,False,False,False,True,False,False,False,False
Sam,"Worse card ever. Don't apply for amex, they don't provide you any card upgrade. Partial in offers and injustice to their customers. Don't apply for amex cards ever.",2021-12-13,1,relevance,2021,28,-0.7783,negative,False,False,False,False,False,False,False,False,False,False,True,False,True,False,False
prathamesh sawant,"Worst finance app in India , Have lower stardards than even Bank of Maharashtra and SBI mobile apps.. How could people rate 5 star to such low grade app. Even simple payment feature they can't able to provide on app, they redirect you to there webpage for payment. What a loss app",2023-06-03,1,relevance,2023,52,-0.8658,negative,False,True,True,False,False,False,False,False,False,False,False,False,False,False,False
Rajesh Krishnan,"The milestone tracker for 4L spends on amex platinum card is broken. It doesn't update and Amex is unable to fix it since last few months. The points are not getting credited because of this, and manually reaching out to the customer support is frustrating!",2025-02-04,1,relevance,2025,45,-0.5996,negative,False,False,False,True,False,False,False,False,True,False,True,False,False,False,False
sushant shukla,"Very basic app and interface, just like their cards which are useless in most of the outlets and merchants. Payment application to your Amex account is much faster with Cred than Amex own app. SBI app is way advanced and user friendly than Amex. The only +ve about Amex is their call centre executives, when compared to other banks, they provide good customer service and it's a feel good factor talking to them.",2022-05-11,1,relevance,2022,73,0.8658,positive,False,True,False,False,False,False,False,True,True,False,False,False,True,True,False
Deepak Agarwal,Customer service is not doubt best in class. As far as app concern it's really poor. Most of the important feature are missing. By default notification should be on so we don't miss an important notification. You need to look at other apps which provide much more rich experience.,2021-02-12,1,relevance,2021,49,-0.1971,negative,False,False,False,False,False,False,False,False,True,False,False,True,False,False,False
RoYal Federal Bureau Investigation,"Amex app to improve the interface, once done the full payment to credit card for the month due date before. it's should shows Paid Status Green or Paid Tick , if customer complete partial payment complete then it shows partial. I am using SBI CARD, FEATURES ARE SAME ABOVE WHAT I SAID. GOOD TO SEE.",2026-07-20,1,relevance,2026,55,0.8455,positive,False,True,False,False,False,True,False,True,False,False,False,False,False,False,False
srihari rachoori,"its very tough to pay amex credit card bill. first needs login in the app, then again it redirects to login to a browser and then again need to enter card details, amount to be paid!. Also nowadays app seems to be too slow. please simplifiy the process.",2025-10-31,1,relevance,2025,48,0.4089,positive,True,True,True,False,False,False,True,False,False,False,False,False,False,False,False
Pranay Mishra,"Below average app, UI needs a ton of work. Navigation is painfully difficult. Huge scope of improvement if implemented correctly!",2023-06-05,1,relevance,2023,20,-0.2244,negative,False,False,False,False,False,False,False,True,False,False,False,False,False,False,False
Arun Kumar,They have very limited offers & charges are very very high. My card expired & they didn't even send the new card & for a free card they added 499 Rs. as renewal fee,2022-12-10,1,relevance,2022,34,0.0018,neutral,False,False,False,False,False,False,False,False,False,False,False,False,False,False,True
pathik khatwani,amex not integrated with any convenient UPI / wallet platforms. merchant / online acceptance is low & rare. several merchants are banned ( eg : MobiKwik ) and is of very very limited use in India .,2025-09-20,1,relevance,2025,37,-0.5531,negative,False,True,False,False,False,False,False,False,False,False,False,False,False,True,False
Jaspreet Singh Lamba,Kyc team takes 3 weeks to review your document. It should not take that much time. Have submitted twice and still no updates on the kyc. Account is blocked due to which cant use the card. Worst KYC team of AMEX,2023-07-16,1,relevance,2023,41,-0.8126,negative,False,False,False,False,False,False,False,False,False,False,False,False,True,False,False
A Google user,"Clean user interface. All the details that one needs is available and most important, no pesky upselling and offers like other apps",2019-12-06,1,relevance,2019,22,0.8282,positive,False,False,False,False,False,False,False,True,False,False,False,False,False,False,False
A Google user,There should be an option to save account details for quick payments writhin the app. Also there should be an option to set up ECS.,2020-01-19,1,relevance,2020,25,0.4939,positive,False,False,False,False,False,False,False,False,False,False,False,False,False,False,False
A Google user,"although it is not acceptable everywhere, but they are resolving that very fast. the service and customer care operations are amazing. The facilities amex provides specifically the reward program is quite good",2019-04-01,1,relevance,2019,32,0.9743,positive,False,False,False,True,False,False,False,False,True,False,False,False,False,False,False
Samyak Gupta,Please bring back the spend threshold tracker. It's very cumbersome to contact customer service to know find out the same. Edit: Customer care also don't know the spends required to reach the threshold.,2023-12-26,1,relevance,2023,33,0.6808,positive,False,False,False,False,False,True,False,False,True,False,False,False,False,False,False
Sumit Bhatnagar,"I feel the app is perfect but only lacks NFC function for using the cards through the phone. Amex devs: If you can incorporate that feature, it is going to be amazing!",2025-01-25,1,relevance,2025,32,0.176,neutral,False,False,False,False,False,False,False,False,False,False,False,False,False,False,False
A Google user,"Great experience on points retreived on a monthly basis, with easy to navigate, minimalistic UI. For more options use website requirement necessary.",2019-07-14,1,relevance,2019,22,0.7906,positive,False,False,True,True,False,False,False,True,False,False,False,False,False,False,False
Hou Hou,Limit access to my details. the app should provide all the settings and details related to my Card. ex: I don't know what is the default communication address being used or how can I update it.,2021-11-16,1,relevance,2021,36,0.0,neutral,False,False,False,False,False,True,False,False,False,False,True,False,False,False,False
A Google user,AMEX app is a lot better than it used to be. Especially after they introduced the option to check Reward Points and enable finger print reader,2019-03-05,1,relevance,2019,26,0.765,positive,False,False,False,True,False,False,False,False,False,False,False,False,False,False,False
Srikanth Venkatesh,Excellent experience. Both app and support experience are awesome. Only problem with AMEX card is that only fewer stores are accepting payments via AMEX. Hope to see many vendors accepting.,2022-08-02,1,relevance,2022,30,0.9423,positive,False,False,False,False,False,False,False,False,False,False,False,False,False,False,False
akshay vatharkar,"School folks develops a better app than this, no option to make direct payment..it will route throughout browser for making payments, no option to make a quick payment... horrible UI",2025-03-06,1,relevance,2025,30,-0.6486,negative,False,True,True,False,False,False,False,True,False,False,False,False,False,False,False
Lalit,"app is good, but card is useless. not accepted everywhere. like petrol pump or some shops not support or refuse. sometimes online also not supported. not bad if you have other Visa or Mastercard based cards. mostly ok card then.",2025-09-18,1,relevance,2025,40,-0.8716,negative,False,False,False,False,False,False,False,False,False,False,False,False,False,False,False
Kausthubh Rajendran,I love the fact that I can use the app to block/unblock my card instantly. It's a feature that is encouraging to use the card online.,2021-04-30,1,relevance,2021,26,0.8225,positive,False,False,False,False,False,False,False,False,False,False,False,False,False,False,False
A Google user,"American Express is truly premium in terms of experience, the customer service is unparalleled in India. Also the rewards rate is very good. The app is very interactive and design is very easy and safe.",2020-03-13,1,relevance,2020,35,0.9387,positive,False,False,False,False,False,False,False,True,True,False,False,False,False,False,False
amit verma,"From the last one year I got the transaction msgs from Amex and the good thing is that this transaction is not related from me also even though I don't have any Amex card, the customer care department doesn't have any answer for the same. Pls don't consider that type of unprofessional company.",2024-10-30,1,relevance,2024,53,0.4767,positive,False,False,False,False,False,True,False,False,True,False,False,False,False,False,False
A Google user,"The app doesn't work, it Freezes on Welcome screen. Please work on the bugs and issues and give us update version asap. (Oneplus 3T, Oreo)",2019-03-17,1,relevance,2019,25,0.6569,positive,False,False,False,False,False,False,True,False,False,False,True,False,False,False,False
A Google user,UI is very simple & and easy to use. 5 star if can provide Card switch On/Off option.,2019-03-27,1,relevance,2019,18,0.4404,positive,False,False,False,False,False,False,False,True,False,False,False,False,False,False,False
A Google user,"No fingerprint or pin based login, making this app useless. I could get more information logging in to the web site and it takes the same time anyway.",2018-11-06,1,relevance,2018,28,-0.6124,negative,True,False,False,False,False,False,False,False,False,True,False,False,False,False,False
Praveen Kumar B,"Ease of use, but reward point are not getting automatically updated. Eas to scroll through and understand the app.",2023-10-15,1,relevance,2023,19,0.7783,positive,False,False,False,True,False,False,False,False,False,False,False,False,False,False,False
Abhishek Gupta,Great exp. The App is nicely integrated with any payment done from other mobile apps like amazon for verification of payments.,2022-11-21,1,relevance,2022,21,0.8807,positive,False,True,False,False,False,False,False,False,False,False,False,False,False,False,False
Adeeb Space,"Worst app...worst credit card among all the cards...don't go for this card...don't go for this app.usually I don't give reviews,but this card and this app made me to give... I am literally saying please don't go for this.. There is no -1 rating,if it so..I will give that",2020-06-14,1,relevance,2020,48,-0.34,negative,False,False,False,False,False,False,False,False,False,False,False,False,False,False,False
ASHISH PANWAR,"Very Pathetic service, I told him to arrange a call back from your senior department,4 days gone , I didn't get any calls, He is just harassing nothing else. I have never seen this type of irresponsible service. I will close this Card very soon",2026-01-25,1,relevance,2026,45,-0.8858,negative,False,False,False,False,False,False,False,False,False,False,False,False,False,False,False
A Google user,Poor app. Cant make in app payment. Doesnt auto reflect any details. Doesnt offer smooth payment. Unable to update.,2019-11-24,1,relevance,2019,19,-0.4767,negative,False,True,False,False,True,False,False,False,False,False,True,False,False,False,False
vaibhav patil,"Superb aap, what I love most is the contact us tab where you can start a chat instantaneous. I have been using the aap for 4 months now and just loved it.",2020-11-20,1,relevance,2020,32,0.9217,positive,False,False,False,False,False,False,False,False,True,False,False,False,False,False,False
vijay akkenapally,Worst app... Not able to use fingerprint unlock and when it's auto logout die to inactivity then unable to use mobile for 5 to 10 mins app not at all closing or minimising,2020-09-06,1,relevance,2020,33,-0.8402,negative,True,False,False,False,False,False,False,False,False,False,False,False,False,False,False
A Google user,"Never felt as a app No features, very slow, after spending money reflected in account 3rd day, 17times called Customer care, I did not get chance to speak to them, more than Indian KBC competition Other bank are far better apps than this",2019-11-28,1,relevance,2019,43,0.4871,positive,False,False,False,False,False,False,True,False,True,False,False,False,False,False,False
A Google user,Amex disppoints me in more than 100 ways. It does not take payment from HDFC netbanking. I dont know why they even created APP for thier services when everything here is delayed by 3 days.,2019-12-09,1,relevance,2019,35,0.0258,neutral,False,True,False,False,False,False,False,False,False,False,False,False,False,False,False
A Google user,"Doesn't notify you on the date of payment, reminder to pay comes once, that too 1 week before as a text msg....... Reminder must be there on date of payment... Dissatisfied...",2020-01-11,1,relevance,2020,31,-0.4588,negative,False,True,False,False,False,False,False,False,False,False,False,True,False,False,False
Hemant Dholakia,"intuitive and user friendly app. Easy to download statements and check balance, reward info, control, etc. Thanks",2025-10-02,1,relevance,2025,17,0.9136,positive,False,False,False,True,False,True,False,True,False,False,False,False,False,False,False
A Google user,"The new updated version has excellent user interface and gives detailed analytical information about expenditures with each card seperately, notification are superb to manage, great job!!!",2019-01-20,1,relevance,2019,26,0.9297,positive,False,False,False,False,False,False,False,True,False,False,False,True,False,False,False
Aditya Bansal,"Interface very old as compared to other banks. Payment gateway still asks you to enter card details, email, amount etc despite being logged in. Amex needs to spend money, time and energy into upgrading the App interface and experience. overall functional but not impressive for the name it comes with.",2025-10-29,1,relevance,2025,50,-0.4594,negative,False,True,False,False,False,True,False,True,False,False,False,False,False,True,False
A Google user,"Its a very basic app. Like on ICICI app, primarily add a suspend / unsuspend feature for user to suspend complete usage or offline usage or online usage or international usage. The user then can quickly suspend the card using the app if misplaced or just for security reasons and unsuspend when they want to use it. Also, no option to check and use reward points to purchase stuff. Please learn from other bank apps. Please add Services option for various services relating to the card.",2019-07-25,1,relevance,2019,86,0.6326,positive,False,False,False,True,False,False,False,False,False,False,False,False,False,True,False
A Google user,"Please enable the option to temporarily block the card option from the app so that we can block if not in use,.. i m still waitingif abu upar will come to do so.",2019-03-07,1,relevance,2019,33,-0.5423,negative,False,False,False,False,False,False,False,False,False,False,False,False,False,False,False
A Google user,Best in Class Credit Card services. Importantly user focusing support. ease to use. App has very minimal feature and could be added more value to serve.,2020-04-03,1,relevance,2020,26,0.9432,positive,False,False,False,False,False,False,False,False,False,False,False,False,False,False,False
A Google user,"Amex App UI was nice. One suggestion is please add lock and unlock the card option in it, it'll be really helpful for everyone. Hope u update on this 😊",2019-09-18,1,relevance,2019,30,0.9485,positive,False,False,False,False,False,False,False,True,False,False,True,False,False,False,False
A Google user,"Apps say this version was no longer supperts, but checking in play store, it shows updated, i uninstalled, and reinstalled, but the same message...shows...",2019-09-05,1,relevance,2019,24,0.3612,positive,False,False,False,False,False,False,False,False,False,False,False,False,False,False,False
Himanshu Pant,The app has become very crappy of late. The statement details are almost always unavailable.,2020-09-14,1,relevance,2020,15,-0.5984,negative,False,False,False,False,False,True,False,False,False,False,False,False,False,False,False
Vinod V Nair,Amazing app. Such seamless experience. The contact to customer care is also very friendly. Keep up the good work.,2020-09-02,1,relevance,2020,19,0.9245,positive,False,False,False,False,False,False,False,False,True,False,False,False,False,False,False
A Google user,"Clear and simple interface, all relevant data easily accessible, fingerprint login works like a charm",2019-03-16,1,relevance,2019,15,0.8481,positive,True,False,False,False,False,False,False,True,False,False,False,False,False,False,False
Anuj Sharma,not at all user friendly Using it is a pain,2026-07-21,0,latest,2026,10,-0.0258,neutral,False,False,False,False,False,False,False,True,False,False,False,False,False,False,False
Rajesh Verma,very nice,2026-08-09,0,latest,2026,2,0.4754,positive,False,False,False,False,False,False,False,False,False,False,False,False,False,False,False
SYED ATHAR,best banking experience,2026-08-09,0,latest,2026,3,0.6369,positive,False,False,False,False,False,False,False,False,False,False,False,False,False,False,False
ROHIT GAUR,awesome,2026-08-08,0,latest,2026,1,0.6249,positive,False,False,False,False,False,False,False,False,False,False,False,False,False,False,False
Mukul Bansal,great,2026-08-06,0,latest,2026,1,0.6249,positive,False,False,False,False,False,False,False,False,False,False,False,False,False,False,False
navneet tulsyan,Amex has amazing customer service and also their App is very user friendly,2026-08-06,0,latest,2026,13,0.8062,positive,False,False,False,False,False,False,False,True,True,False,False,False,False,False,False
Sameer Malik,love it amex,2026-08-05,0,latest,2026,3,0.6369,positive,False,False,False,False,False,False,False,False,False,False,False,False,False,False,False
Gagan Chahal,More than 5 stars!!! Credit card management is so easy! Its the Best,2026-08-04,0,latest,2026,13,0.9137,positive,False,False,False,False,False,False,False,False,False,False,False,False,False,False,False
Somnath Sharma,no acceptance most places amex card,2026-08-03,0,latest,2026,6,-0.357,negative,False,False,False,False,False,False,False,False,False,False,False,False,False,False,False
shreyans goyal,not worth calling this as an app. it opens on a Web browser only. paying card bills is a nightmare,2026-08-03,0,latest,2026,20,-0.1695,negative,False,True,True,False,False,False,False,False,False,False,False,False,False,False,False
Harish Rawat,amex services are the best and excellent,2026-08-02,0,latest,2026,7,0.836,positive,False,False,False,False,False,False,False,False,False,False,False,False,False,False,False
Kingkhan Brother (Chandru),good!,2026-06-14,0,latest,2026,1,0.4926,positive,False,False,False,False,False,False,False,False,False,False,False,False,False,False,False
MANUL GUPTA,Very Smooth Operation and Minimalistic.,2026-06-14,0,latest,2026,5,0.0,neutral,False,False,False,False,False,False,False,False,False,False,False,False,False,False,False
Sujeet Sharma,decent app,2026-06-14,0,latest,2026,2,0.0,neutral,False,False,False,False,False,False,False,False,False,False,False,False,False,False,False
yella ramesh,very nice and smooth opareting,2026-06-13,0,latest,2026,5,0.4754,positive,False,False,False,False,False,False,False,False,False,False,False,False,False,False,False
Datta Chavare,excellent,2026-06-12,0,latest,2026,1,0.5719,positive,False,False,False,False,False,False,False,False,False,False,False,False,False,False,False
Gaurav Anand,Payment experience is bad.,2026-06-12,0,latest,2026,4,-0.5423,negative,False,True,False,False,False,False,False,False,False,False,False,False,False,False,False
Gk Gupta,It has been very easy and convenient to use the Amex app,2026-06-11,0,latest,2026,12,0.4927,positive,False,False,False,False,False,False,False,False,False,False,False,False,False,False,False
balu lal gurjar,very bed koi bhi ye card mat lena,2026-06-11,0,latest,2026,8,0.0,neutral,False,False,False,False,False,False,False,False,False,False,False,False,False,False,False
Pradeep Seth,Excellent in everything,2026-06-19,0,latest,2026,3,0.5719,positive,False,False,False,False,False,False,False,False,False,False,False,False,False,False,False
rakesh arora,"poor aap, poor card, no merchant excepts it",2026-06-19,0,latest,2026,8,-0.8126,negative,False,False,False,False,False,False,False,False,False,False,False,False,False,False,False
Rajeev Singh Chauhan,good but not able to make payment in various shops in Delhi,2026-06-17,0,latest,2026,12,0.2382,neutral,False,True,False,False,False,False,False,False,False,False,False,False,False,False,False
Dhananjay Phumbhrra (DJ),it used to be a good card earlier but now they have all gimmicks and hidden costs and the helpline is super rude. looks like the criteria to recruit the helpline executives are that THEY MUST BE RUDE,2026-06-17,0,latest,2026,38,0.1155,neutral,False,False,False,False,False,False,False,False,True,False,False,False,False,False,True
Shankar Phapale,good,2026-06-16,0,latest,2026,1,0.4404,positive,False,False,False,False,False,False,False,False,False,False,False,False,False,False,False
M R,I cannot pay using this app that is my only complaint,2026-06-15,0,latest,2026,11,-0.2273,negative,False,True,False,False,False,False,False,False,True,False,False,False,False,False,False
Navneet Bagga,great card. value for money,2026-06-27,0,latest,2026,5,0.7579,positive,False,False,False,False,False,False,False,False,False,False,False,False,False,False,False
Sreekar Gupta,What's the purpose of app if we have to be redirected to browser for login? Login process isn't user friendly at all. I hope they fix this issue so it isn't frustrating to use the application.,2026-06-26,0,latest,2026,36,0.4482,positive,True,False,True,False,False,False,False,True,False,False,False,False,True,False,False
Ashok Siddhanti,Wonderful. All information on just fingertips.,2026-06-25,0,latest,2026,6,0.5719,positive,False,False,False,False,False,False,False,False,False,False,False,False,False,False,False
Dr. Mufaddal Zakir,Excellent only payment module needs to be easier.,2026-06-24,0,latest,2026,8,0.7579,positive,False,True,False,False,False,False,False,False,False,False,False,False,False,False,False
mrigendra pratap,worst app to manage you credit card payment. you need to enter your all details every time when you have to clear your bill even if you have saved your details to the app,2026-06-24,0,latest,2026,34,0.4404,positive,False,True,False,False,False,False,False,False,False,False,False,False,False,False,False
Kamal Kant Saxena,wonderful,2026-06-23,0,latest,2026,1,0.5719,positive,False,False,False,False,False,False,False,False,False,False,False,False,False,False,False
Anuj Sangoi,excellent app with all features n requirements,2026-07-31,0,latest,2026,7,0.5719,positive,False,False,False,False,False,False,False,False,False,False,False,False,False,False,False
Nitika Singhal,Always has issues. Unable to login and see the card status,2026-06-21,0,latest,2026,11,0.0,neutral,True,False,False,False,False,False,False,False,False,False,False,False,False,False,False
A Google user,Nice app..Rewards points updation is transparent and transaction pending for waiver of Annual Fee also shown..track down every expense,2019-12-29,0,relevance,2019,19,0.4215,positive,False,False,False,True,False,True,False,False,False,False,False,False,False,False,True
Bharath Kumar,"Superb app , the support team guys are more helpful and UI design wise we can reach the settings without any confusion.",2023-10-08,0,relevance,2023,22,0.9323,positive,False,False,False,False,False,False,False,True,True,False,False,False,False,False,False
MITHSON RAJ,I m quite satisfied using amex since a year. Application isn't that good because first page always block with card its stuck on scroll down and click.,2022-06-29,0,relevance,2022,27,-0.4961,negative,False,False,False,False,False,False,True,False,False,False,False,False,True,False,False
Suvendu Mukherjee,not able to convert any amount to emi,2026-07-01,0,latest,2026,8,0.0,neutral,False,False,False,False,False,True,False,False,False,False,False,False,False,False,False
Dr.Suresh Kumar Nair,Good experience,2026-07-01,0,latest,2026,2,0.4404,positive,False,False,False,False,False,False,False,False,False,False,False,False,False,False,False
Nikhil Sharma,"Credit card payment process is complicated, need to enter the card details as well as the amount manually everytime",2026-07-01,0,latest,2026,19,0.5719,positive,False,True,False,False,False,False,False,False,False,False,False,False,False,False,False
Iqbal Khan,awesome,2026-06-28,0,latest,2026,1,0.6249,positive,False,False,False,False,False,False,False,False,False,False,False,False,False,False,False
Syam nair,very user friendly,2026-06-27,0,latest,2026,3,0.539,positive,False,False,False,False,False,False,False,True,False,False,False,False,False,False,False
Maniyath Sudhish,Very satisfying experience and very prompt communication.,2025-07-03,0,latest,2025,7,0.5095,positive,False,False,False,False,False,False,False,False,False,False,False,False,False,False,False
himanshu arora,So good and easy to use this application. Appreciate team for your efforts..!!,2025-07-02,0,latest,2025,13,0.8638,positive,False,False,False,False,False,False,False,False,False,False,False,False,True,False,False
Siddharth Kulat,"वी वेड ओ. mm. mm ls. e mm., css to hai. eeee mm xeebo. व मी एमç cç zo uhmx cc cc cc cc c cc bl mm blcl cc dcc v ki",2025-06-30,0,latest,2025,33,0.5106,positive,False,False,False,False,False,False,False,False,False,False,False,False,False,False,False
Mofazzel Choudhury,fantastic,2025-06-28,0,latest,2025,1,0.5574,positive,False,False,False,False,False,False,False,False,False,False,False,False,False,False,False
Gurunatha Reddy,"Good, Easy to navigate. Safe and secured Banking experience. Thank you 😊",2025-06-27,0,latest,2025,12,0.9578,positive,False,False,False,False,False,False,False,False,False,False,False,False,False,False,False
KULWANT ENGINEERS,good,2025-06-27,0,latest,2025,1,0.4404,positive,False,False,False,False,False,False,False,False,False,False,False,False,False,False,False
ajay daroju,good,2025-06-26,0,latest,2025,1,0.4404,positive,False,False,False,False,False,False,False,False,False,False,False,False,False,False,False
Ankit Chouhdary,please dont apply for Am3d not accepted any where,2025-06-25,0,latest,2025,9,0.1245,neutral,False,False,False,False,False,False,False,False,False,False,False,False,True,False,False
chandranidhi gupta,great,2025-07-14,0,latest,2025,1,0.6249,positive,False,False,False,False,False,False,False,False,False,False,False,False,False,False,False
Shahbaz Ansari,best credit card services,2025-07-13,0,latest,2025,4,0.7783,positive,False,False,False,False,False,False,False,False,False,False,False,False,False,False,False
Shyam Venugopal,can be more user friendly,2025-07-12,0,latest,2025,5,0.539,positive,False,False,False,False,False,False,False,True,False,False,False,False,False,False,False
Sshuddho Ghosh,Satisfied,2025-07-12,0,latest,2025,1,0.4215,positive,False,False,False,False,False,False,False,False,False,False,False,False,False,False,False
ABHIMANYU SHINDE,very easy and simple UI,2025-07-11,0,latest,2025,5,0.4927,positive,False,False,False,False,False,False,False,True,False,False,False,False,False,False,False
Rameshwar Chand,excellent,2025-07-11,0,latest,2025,1,0.5719,positive,False,False,False,False,False,False,False,False,False,False,False,False,False,False,False
Partho Bhattacharya,they moved their customer support(only thing working for them) to third party. Hate the new customer support.,2025-07-05,0,latest,2025,17,0.1779,neutral,False,False,False,False,False,False,False,False,True,False,False,False,False,False,False
James Anderson,good,2025-07-19,0,latest,2025,1,0.4404,positive,False,False,False,False,False,False,False,False,False,False,False,False,False,False,False
VK Singh,ultimate app,2025-07-19,0,latest,2025,2,0.0,neutral,False,False,False,False,False,False,False,False,False,False,False,False,False,False,False
Shreedhar Naidu,so far good experience,2025-07-18,0,latest,2025,4,0.4902,positive,False,False,False,False,False,False,False,False,False,False,False,False,False,False,False
Pallavi Gopal,horrible app,2025-07-18,0,latest,2025,2,-0.5423,negative,False,False,False,False,False,False,False,False,False,False,False,False,False,False,False
Dipak Bhattacharyaa,Can be used widely without any hindrance. Highly satisfied.,2025-07-16,0,latest,2025,9,0.6543,positive,False,False,False,False,False,False,False,False,False,False,False,False,False,False,False
md intekhab alam,excellent,2025-07-16,0,latest,2025,1,0.5719,positive,False,False,False,False,False,False,False,False,False,False,False,False,False,False,False
Faisal Siddiqui,useless app,2025-07-15,0,latest,2025,2,-0.4215,negative,False,False,False,False,False,False,False,False,False,False,False,False,False,False,False
Surinder,Great,2025-07-14,0,latest,2025,1,0.6249,positive,False,False,False,False,False,False,False,False,False,False,False,False,False,False,False
A Google user,I have changed my card with another amex card but only old card is visible and new card is visible in this app.i don't know how to add .There could have been such option.,2019-03-20,0,relevance,2019,34,0.0,neutral,False,False,False,False,False,False,False,False,False,False,False,False,False,False,False
Sunil Kumar Balla,Why remove spend monitor/tracker? The best tool I like in Amex and reason I still keep using card. I prefer free cards. No headache of keep tracking.,2022-02-01,0,relevance,2022,27,0.8316,positive,False,False,False,False,False,True,False,False,False,False,False,False,False,False,False
A Google user,very easy to use with fingerprint . But need to have personal loan option and credit limit incress option and offers option .,2019-01-24,0,relevance,2019,23,0.6701,positive,True,False,False,False,False,True,False,False,False,False,False,False,False,False,False
Rajesh Prasad,Easy to use app. Provides all information required. Easy to manage transaction controls on the card.,2024-05-21,0,relevance,2024,16,0.7003,positive,False,False,False,False,False,True,False,False,False,False,False,False,False,False,False
Vikas MahajanDelhi,"Old age, outdated app, not having functions of today's Fin tech advancements, don't have video KYC option, chat bot unable to understand the customer queries.. too bad.. not expected from Amex..",2024-12-30,0,relevance,2024,31,-0.5423,negative,False,False,False,False,False,False,False,True,True,False,False,False,True,False,False
A Google user,I dont know why the best credit card service is maligning their reputation by repeatedly calling me trice a day offering a second credit card even after clearly mentioning that i don't need one.,2019-03-27,0,relevance,2019,34,0.9022,positive,False,False,False,False,False,False,False,False,False,False,False,False,False,False,False
jiten meena,nice card and nice service,2025-07-23,0,latest,2025,5,0.6808,positive,False,False,False,False,False,False,False,False,False,False,False,False,False,False,False
Hitesh Prajapati,No reminder for late payment and failed transection. Therefore the client is facing charges .,2025-07-22,0,latest,2025,15,-0.765,negative,False,True,False,False,False,False,False,False,False,False,False,True,False,False,True
Niranjan Singh,Nice app..,2025-08-03,0,latest,2025,2,0.4215,positive,False,False,False,False,False,False,False,False,False,False,False,False,False,False,False
The _Ambitious Explorer,Great service experience.,2025-08-02,0,latest,2025,3,0.6249,positive,False,False,False,False,False,False,False,False,False,False,False,False,False,False,False
Naveen Jain,Excellent,2025-08-02,0,latest,2025,1,0.5719,positive,False,False,False,False,False,False,False,False,False,False,False,False,False,False,False
Kishi Saxena,very satisfying,2025-08-02,0,latest,2025,2,0.5095,positive,False,False,False,False,False,False,False,False,False,False,False,False,False,False,False
Nishant Singh,poor payment reflection,2025-08-01,0,latest,2025,3,-0.4767,negative,False,True,False,False,False,False,False,False,False,False,False,False,False,False,False
vijay khurana,"Very Difficult to Find required option through keyword. Its catalogue has Duplicate option. Head ,Subheads are so confusing.",2025-08-01,0,latest,2025,18,-0.6468,negative,False,False,False,False,False,False,False,False,False,False,False,False,False,False,False
niranjan jain,good,2025-08-01,0,latest,2025,1,0.4404,positive,False,False,False,False,False,False,False,False,False,False,False,False,False,False,False
prakash bheda,very good excellent,2025-07-31,0,latest,2025,3,0.8004,positive,False,False,False,False,False,False,False,False,False,False,False,False,False,False,False
Shashi Dubey,I just love this card. get lots of rewards points and other benefits..,2025-08-07,0,latest,2025,13,0.872,positive,False,False,False,True,False,False,False,False,False,False,False,False,False,False,False
Lavish Gupta,Amex have one of the best customer service.,2025-08-06,0,latest,2025,8,0.6369,positive,False,False,False,False,False,False,False,False,True,False,False,False,False,False,False
Ankit Gupta,grt friendly app,2025-08-06,0,latest,2025,3,0.4939,positive,False,False,False,False,False,False,False,False,False,False,False,False,False,False,False
Partha Dutta,Excellent,2025-08-06,0,latest,2025,1,0.5719,positive,False,False,False,False,False,False,False,False,False,False,False,False,False,False,False
ashish jagani,"pathetic, payment method is not easy",2025-08-05,0,latest,2025,6,-0.7274,negative,False,True,False,False,False,False,False,False,False,False,False,False,False,False,False
Tanulaxmi Suvarna,"good apps, very easy to handle and secure",2025-08-05,0,latest,2025,8,0.8173,positive,False,False,False,False,False,False,False,False,False,False,False,False,False,False,False
ALOK AGARWAL,poor service,2025-08-04,0,latest,2025,2,-0.4767,negative,False,False,False,False,False,False,False,False,False,False,False,False,False,False,False
Atul Tripathi,grt experience,2025-08-03,0,latest,2025,2,0.0,neutral,False,False,False,False,False,False,False,False,False,False,False,False,False,False,False
amit ranjan,excellent,2025-06-21,0,latest,2025,1,0.5719,positive,False,False,False,False,False,False,False,False,False,False,False,False,False,False,False
TOU TOU,good,2025-06-21,0,latest,2025,1,0.4404,positive,False,False,False,False,False,False,False,False,False,False,False,False,False,False,False
Abhijit Shah,"Complexity in operation, ui is also not user friendly. Poor experience with app and even amex card also.",2025-06-21,0,latest,2025,18,-0.0191,neutral,False,False,False,False,False,False,False,True,False,False,False,False,False,False,False
Suman Narayan B,pathetic app. shared the feedback back over email six months back and received no response.,2025-06-20,0,latest,2025,15,-0.5423,negative,False,False,False,False,False,False,False,False,False,False,False,False,False,False,False
Debjyoti Sarkar,Good app interface!,2025-06-20,0,latest,2025,3,0.4926,positive,False,False,False,False,False,False,False,True,False,False,False,False,False,False,False
Sameer Kumar Pati,awesome app,2025-06-19,0,latest,2025,2,0.6249,positive,False,False,False,False,False,False,False,False,False,False,False,False,False,False,False
ARTI KATHURIA,"Has some issues while making card payments, card details need to be entered multiple times..not very user friendly app, complete details are not available related to accounts, app is too slow and has errors if payment is made through other banks",2026-07-08,0,relevance,2026,41,0.2682,neutral,False,True,False,False,False,False,True,True,False,False,False,False,False,False,False
mahender reddy,super,2025-08-11,0,latest,2025,1,0.5994,positive,False,False,False,False,False,False,False,False,False,False,False,False,False,False,False
Jagadeesh Narayanasamy,app is good. practically many offline and online vedors don't accept amex cards,2025-06-25,0,latest,2025,13,0.0557,neutral,False,False,False,False,False,False,False,False,False,False,False,False,False,False,False
abdul mateen,good,2025-06-24,0,latest,2025,1,0.4404,positive,False,False,False,False,False,False,False,False,False,False,False,False,False,False,False
Deevanshu thukral,Nice experience while using,2025-06-24,0,latest,2025,4,0.4215,positive,False,False,False,False,False,False,False,False,False,False,False,False,False,False,False
mahipal sharma,nice 👍,2025-06-23,0,latest,2025,2,0.4215,positive,False,False,False,False,False,False,False,False,False,False,False,False,False,False,False
Pawan Kumar,it's not user friendly,2025-06-23,0,latest,2025,4,-0.3875,negative,False,False,False,False,False,False,False,True,False,False,False,False,False,False,False
Meeneshwar Rao,very nice 👍👍,2025-06-23,0,latest,2025,3,0.4754,positive,False,False,False,False,False,False,False,False,False,False,False,False,False,False,False
amrender mishra,very good service,2025-06-22,0,latest,2025,3,0.4927,positive,False,False,False,False,False,False,False,False,False,False,False,False,False,False,False
Johny B. Davis,Out standing app. User friendly. Very honestly designed in way not to confuse the customer. Excellent 👍,2025-09-01,0,latest,2025,17,0.897,positive,False,False,False,False,False,False,False,True,False,False,False,False,False,False,False
Waseem,simple and secure,2025-08-31,0,latest,2025,3,0.34,neutral,False,False,False,False,False,False,False,False,False,False,False,False,False,False,False
KM SHEELA,excellent service,2025-08-30,0,latest,2025,2,0.5719,positive,False,False,False,False,False,False,False,False,False,False,False,False,False,False,False
Krishna Chaurasia,There is no view/update pin option on the android version of the app.,2025-08-29,0,latest,2025,13,-0.296,negative,False,False,False,False,False,False,False,False,False,True,True,False,False,False,False
Mugesh MK,Great to use AMEX,2025-08-28,0,latest,2025,4,0.6249,positive,False,False,False,False,False,False,False,False,False,False,False,False,False,False,False
Mahesh Varanasi,good,2025-08-27,0,latest,2025,1,0.4404,positive,False,False,False,False,False,False,False,False,False,False,False,False,False,False,False
Sakshi Rajpoot,good interface of app and also good card services.,2025-08-26,0,latest,2025,9,0.7003,positive,False,False,False,False,False,False,False,True,False,False,False,False,False,False,False
Biswajit Mishra,Just a top notch app with a top notch service,2025-08-26,0,latest,2025,10,0.3818,positive,False,False,False,False,False,False,False,False,False,False,False,False,False,False,False
Guruprasad Iyer,"Everything is good. 4 stars because when we go to pay outstanding, it redirects to website and we again need to enter all the Card details. This can be more seamless by providing facility from the app itself, we don't need the hassle of entering card details.",2024-01-02,0,relevance,2024,47,0.7579,positive,False,True,True,False,False,True,False,False,False,False,False,False,False,False,False
Adarsh Patel,app didn't show me payment is due after 3 days got know it didn't recieved the payment and now there is delay in payment,2025-09-04,0,latest,2025,24,-0.3182,negative,False,True,False,False,False,False,False,False,False,False,False,False,False,False,False
ABHIJEET S,I am Extremely Happy with the App and it's Services...,2025-09-04,0,latest,2025,10,0.6115,positive,False,False,False,False,False,False,False,False,False,False,False,False,False,False,False
Mamidi Rambabu,Nothing To Say. Super,2025-09-03,0,latest,2025,4,-0.4847,negative,False,False,False,False,False,False,False,False,False,False,False,False,False,False,False
Bramhadeo Sawale,"App is not user very friendly. While making payment all information like card number, amount has to be entered. This should be auto filled.",2025-09-03,0,latest,2025,24,-0.0116,neutral,False,True,False,False,False,False,False,False,False,False,False,False,False,False,False
Mandeep Maunder,the best ever ...very prompt query resolution. the only hitch is it non acceptance at a lot of merchant locations.,2025-09-03,0,latest,2025,20,0.802,positive,False,False,False,False,False,False,False,False,False,False,False,False,False,False,False
Madhav Rao,not working now since the last half an hour,2025-09-02,0,latest,2025,9,0.0,neutral,False,False,False,False,False,False,True,False,False,False,False,False,False,False,False
Hemant Kothari,one of the finest bank with technical support to it's customers,2025-09-02,0,latest,2025,11,0.4019,positive,False,False,False,False,False,False,False,False,False,False,False,False,False,False,False
ISRAT QURESHI,Awesome 💯 Great 👍,2025-07-28,0,latest,2025,4,0.8481,positive,False,False,False,False,False,False,False,False,False,False,False,False,False,False,False
Devashis Satapathy (Devashis),wonderful,2025-07-27,0,latest,2025,1,0.5719,positive,False,False,False,False,False,False,False,False,False,False,False,False,False,False,False
Anil Kumar S Singh,Very Good,2025-07-25,0,latest,2025,2,0.4927,positive,False,False,False,False,False,False,False,False,False,False,False,False,False,False,False
Sathish Mps,"Without glitch, everything fine until now",2025-07-25,0,latest,2025,6,-0.1511,negative,False,False,False,False,False,False,True,False,False,False,False,False,False,False,False
Sam Fyire,"in 1 word, pathetic experience",2025-07-24,0,latest,2025,5,-0.5719,negative,False,False,False,False,False,False,False,False,False,False,False,False,False,False,False
Tuhin Banerjee,Bill payment is worse portion. need to enter card details for every payment. amount also need to enter manually,2025-07-24,0,latest,2025,19,-0.4767,negative,False,True,False,False,False,False,False,False,False,False,False,False,False,False,False
mani kumar,"Unmatched user experience coupled with rewards and offers. Still don't understand why acceptance is seen as low by many of whom I know yet I can use it for everything I want and need in life. Redeemed the first 18k points I collected over time and it felt really nice to get around 10 percent return for my everyday spending. Thanks and Regards, P Manikumar",2020-11-10,0,relevance,2020,65,0.7791,positive,False,False,False,True,False,False,False,False,False,False,False,False,False,False,False
Mohit Gawande,payment gateway is laggy,2025-07-31,0,latest,2025,4,0.0,neutral,False,True,False,False,False,False,False,False,False,False,False,False,False,False,False
Hritik Jain,joke of a support,2025-07-31,0,latest,2025,4,0.5994,positive,False,False,False,False,False,False,False,False,False,False,False,False,False,False,False
DIPANKAR CHANDRA,Very Good,2025-07-30,0,latest,2025,2,0.4927,positive,False,False,False,False,False,False,False,False,False,False,False,False,False,False,False
Sanjiv Gandhi,Very good app.... 👍,2025-07-30,0,latest,2025,4,0.4927,positive,False,False,False,False,False,False,False,False,False,False,False,False,False,False,False
ramu a,excellent service,2025-07-30,0,latest,2025,2,0.5719,positive,False,False,False,False,False,False,False,False,False,False,False,False,False,False,False
RIPAN GOSWAMI,Thank you,2025-07-30,0,latest,2025,2,0.3612,positive,False,False,False,False,False,False,False,False,False,False,False,False,False,False,False
Mc. Roops,Excellent app super secured as the level of security is very high .,2025-07-30,0,latest,2025,13,0.9136,positive,False,False,False,False,False,False,False,False,False,False,False,False,False,False,False
dishaben chauhan,best credit card application,2025-09-27,0,latest,2025,4,0.7783,positive,False,False,False,False,False,False,False,False,False,False,False,False,True,False,False
Vaishnav Sharma,"Transaction Security Settings page is not working, app is buggy.",2025-09-26,0,latest,2025,10,0.34,neutral,False,False,False,False,False,True,True,False,False,False,False,False,False,False,False
Mitesh Surti,My experience with AMEX is really good and will keep using it. Thanks American Express!,2025-09-25,0,latest,2025,15,0.7495,positive,False,False,False,False,False,False,False,False,False,False,False,False,False,False,False
Renju Thoppil,I am in awe. The app is impeccable. Never experienced this level of joy while using a CC app,2025-09-23,0,latest,2025,19,0.5859,positive,False,False,False,False,False,False,False,False,False,False,False,False,False,False,False
Dy General Manager Procurement,Transactions fail.low merchant acceptance,2025-09-23,0,latest,2025,4,0.4588,positive,False,False,False,False,False,False,False,False,False,False,False,False,False,False,False
Narsaiah.aepuri Narsaiah,app service usefull,2025-09-23,0,latest,2025,3,0.0,neutral,False,False,False,False,False,False,False,False,False,False,False,False,False,False,False
manoj kumar,cheap,2025-09-22,0,latest,2025,1,0.0,neutral,False,False,False,False,False,False,False,False,False,False,False,False,False,False,False
Tims Chandran,Worst Customer support.It has been 10 days emails has been sent to the support team there is no response from any one.Big time scammers. Naam baade darshan chote.,2025-09-21,0,latest,2025,28,-0.5574,negative,False,False,False,False,False,False,False,False,True,False,False,False,False,False,False
Ajay Thangavelu,"in overseas suddenly payments are getting declined, no proper support",2025-08-11,0,latest,2025,10,-0.5358,negative,False,False,False,False,False,False,False,False,False,False,False,False,False,False,False
Harsh Kharbanda,"The app should have notifications popping up on phone saying that payment due, important notifications, your membership(whatever the user thinks is for him and pre defines it). The user should also say that what all he wants pop up through the app even when the app is not opened",2024-06-03,0,relevance,2024,49,0.2023,neutral,False,True,False,False,False,False,False,False,False,False,False,False,False,False,False
Amit Gandhi,Not happy at all. Most of the stuff fail to work.. tried searching transaction and it failed to load. want to see my statement for last transaction not working. I hate to come to this app for payment. fail to understand why do i need to enter my credit card nos again when i am already selected the card inside the app and using option to pay!! why redirect the customer to this page which was good 10 years back. absolutely no improvement and disappointed with UI and UX team!,2023-09-24,0,relevance,2023,90,-0.907,negative,False,True,True,False,False,True,True,True,False,False,False,False,False,False,False
Saurabh Tripathi,What's the use of the app if you still have to enter the card number and amount manually while making a payment getting redirected to a webapp. Seems more like a passive wrapper of the webapp with not many features. A feature as basic as card payment isn't there.,2025-10-29,0,relevance,2025,49,0.6318,positive,False,True,True,False,False,False,False,False,False,False,False,False,False,False,False
Apurv Mishra,"Unlike other banks, it is really cumbersome to make card payment for AMEX from the app. One needs to provide card details etc which ideally should be auto populated. Should focus on improving the overall card payment flow from the app.",2025-01-07,0,relevance,2025,41,0.6808,positive,False,True,False,False,False,False,False,False,False,False,False,False,False,False,False
Bhargesh Patel,"I was Already Paid My Credit Card Bill,They Demand Fake Charges Fake Credit Card Bill Send To Customer For Already Paid Credit Card Bill",2025-09-28,0,latest,2025,24,-0.25,negative,False,False,False,False,False,False,False,False,False,False,False,False,False,False,True
vivek Vashistha,very nice and helpful,2025-09-27,0,latest,2025,4,0.7316,positive,False,False,False,False,False,False,False,False,False,False,False,False,False,False,False
Venkatraman Kumar,"Amex service has been deteriorating for last 6 months, taking 10 mins to connect to a service team and worst attitude of the customer service which was unheard of, taking more than 2 hrs to respond to chat msg. no retention benefits for customers. We miss the awesome Amex pls get back to the same experience u were offering before",2025-08-19,0,latest,2025,60,-0.5696,negative,False,False,False,False,False,False,False,False,True,False,False,False,False,False,False
Indrajit Datta,It always fails to register biometrics enablement. Why does it need a password to login and not biometrics?,2025-08-17,0,latest,2025,18,-0.4215,negative,True,False,False,False,False,False,False,False,False,False,False,False,True,False,False
Ateeq Qureshi 123,best,2025-08-17,0,latest,2025,1,0.6369,positive,False,False,False,False,False,False,False,False,False,False,False,False,False,False,False
Varsha Kesari roll - 44,"Very good to use this card, marvellous features and rewards structure and huge benefits",2025-08-17,0,latest,2025,14,0.8805,positive,False,False,False,False,False,False,False,False,False,False,False,False,False,False,False
Sunil Kumar,"grt, best",2025-08-16,0,latest,2025,2,0.6369,positive,False,False,False,False,False,False,False,False,False,False,False,False,False,False,False
Harish Narula,very good,2025-08-16,0,latest,2025,2,0.4927,positive,False,False,False,False,False,False,False,False,False,False,False,False,False,False,False
pritesh nagrale,"There is NO option for Chat on the Mobile. I have been using this app since long, I dont see the CHAT option.",2025-08-15,0,latest,2025,23,-0.4466,negative,False,False,False,False,False,False,False,False,True,False,False,False,False,False,False
Shefali Shah,Very good experience,2025-08-15,0,latest,2025,3,0.4927,positive,False,False,False,False,False,False,False,False,False,False,False,False,False,False,False
Hitender Kapoor,good overall,2025-08-25,0,latest,2025,2,0.4404,positive,False,False,False,False,False,False,False,False,False,False,False,False,False,False,False
Sanidul Islam,"While AMEX may hold a top name in the card market, the features feel outdated. Almost like they are stuck a decade behind. On top of that, the biggest drawback is acceptance. Nearly 90% of general POS machines in the market do not support Amex, making it highly inconvenient for everyday use.",2025-08-24,0,latest,2025,52,0.2158,neutral,False,False,False,False,False,False,True,True,False,False,False,False,False,False,False
Hemanth Raju Saravanan,Excellent 👍,2025-08-23,0,latest,2025,2,0.5719,positive,False,False,False,False,False,False,False,False,False,False,False,False,False,False,False
sanjay thombare,very good service for credit card,2025-08-23,0,latest,2025,6,0.6997,positive,False,False,False,False,False,False,False,False,False,False,False,False,False,False,False
Prasheetha Purvi 6B,wonderful app with all details visible,2025-08-22,0,latest,2025,6,0.5719,positive,False,False,False,False,False,False,False,False,False,False,False,False,False,False,False
avaneesh tripathi,Best Experience for cards services compared to anyone.,2025-08-21,0,latest,2025,8,0.6369,positive,False,False,False,False,False,False,False,False,False,False,False,False,False,True,False
Ultimate Associates,Professional One Hundred Percent,2025-08-21,0,latest,2025,4,0.0,neutral,False,False,False,False,False,False,False,False,False,False,False,False,False,False,False
A Google user,very user friendly i used several times and it was easy to operate. One lacuna Payment made is not being credited within 20-15 minutes. it takes 4-5 hrs in other card apps it is immediately credited,2025-08-19,0,latest,2025,36,0.7762,positive,False,True,False,False,False,False,False,True,False,False,False,False,False,False,False
Hakeem Fayaz,Have been an Amex rewards card user for 4+ years. Service is really good and merchant network has been increased nowadays. Tried at least 4 different banks and cannot match Amex experience. They surprise with frequent promotional offers and gift vouchers on reaching spend limits if enrolled.,2023-11-01,0,relevance,2023,47,0.9216,positive,False,False,False,False,False,True,False,False,False,False,False,False,False,False,False
Mukesh Kumar,exellent card,2025-10-08,0,latest,2025,2,0.0,neutral,False,False,False,False,False,False,False,False,False,False,False,False,False,False,False
KUMARA SEN,awesome. please provide all features like Indian credit cards,2025-10-07,0,latest,2025,9,0.8885,positive,False,False,False,False,False,False,False,False,False,False,False,False,False,False,False
Anya Goenka,such a long procedure to repay the due.,2025-10-07,0,latest,2025,8,0.0,neutral,False,False,False,False,False,False,False,False,False,False,False,False,False,False,False
Yogendra Tiwari,sab marchent nhi accept krte,2025-10-07,0,latest,2025,5,0.3818,positive,False,False,False,False,False,False,False,False,False,False,False,False,False,False,False
Dhaval Desai,super service vital information available,2025-10-07,0,latest,2025,5,0.7269,positive,False,False,False,False,False,False,False,False,False,False,False,False,False,False,False
Santhoshkumar Srinivasan,"Transaction security settings is not working, looks like many people have complained about it. Why is no one doing anything about it?",2025-10-06,0,latest,2025,22,-0.5588,negative,False,False,False,False,False,True,True,False,False,False,False,False,False,False,False
Shashikala T,app is user friendly,2025-10-06,0,latest,2025,4,0.4939,positive,False,False,False,False,False,False,False,True,False,False,False,False,False,False,False
Vinay S,please make the amex card availability for every where,2025-09-11,0,latest,2025,9,0.3182,neutral,False,False,False,False,False,False,False,False,False,False,False,False,False,False,False
OG Fauji,so user friendly and to the point..,2025-09-09,0,latest,2025,7,0.539,positive,False,False,False,True,False,False,False,True,False,False,False,False,False,False,False
Dipanshi Jariwal,Charges are so high but overall Amex is best!!,2025-09-08,0,latest,2025,9,0.7804,positive,False,False,False,False,False,False,False,False,False,False,False,False,False,False,True
Anustup Gangopadhyay,best app for credit card details thank you,2025-09-06,0,latest,2025,8,0.8519,positive,False,False,False,False,False,False,False,False,False,False,False,False,False,False,False
Greham Macwan,"Worst experience ever, guys do not take any card from amex all customer care representatives are fake, no one is going to help you they will damage ur cibil, no correct response from authentic mail ID even they hacked twitter too. I have received call from their side to reverse my annual charge with mail in spam folder with link to go for vc and then asked me to share my screen where I denied. Be alert they will take u in deepest debt or ruined ur financial background.",2025-09-06,0,latest,2025,89,-0.9531,negative,False,False,False,False,False,False,False,False,True,False,False,True,False,False,True
Pradeep Kumar Kashyap,nice app,2025-09-06,0,latest,2025,2,0.4215,positive,False,False,False,False,False,False,False,False,False,False,False,False,False,False,False
dinesh singh,"while the app covers all aspects of the card, the silly thing is- I login with my ID and password, but to redeem points or make card payments, the app launches a browser which again asks me to login...and this 2025, not 1999! Didn't expect this from Amex, even sbi card app does a much better job.",2025-03-28,0,relevance,2025,57,0.636,positive,True,False,True,True,False,False,False,False,False,False,False,False,False,False,False
Ravi Ranjan,"It's perfect and smooth. However, I've only one grievance, the card shown after login showing name NISHA SHARMA on the card. I would have been really nice if it would have shown the card holder's name instead of that dummy name.",2024-12-09,0,relevance,2024,41,0.5709,positive,True,False,False,False,False,False,False,False,True,False,False,False,False,False,False
Shailesh Pal,Everything is fine but the annual fee of the card is very high....,2025-09-18,0,latest,2025,13,0.1027,neutral,False,False,False,False,False,False,False,False,False,False,False,False,False,False,True
SR. Enterprises,good security and ease to use,2025-09-15,0,latest,2025,6,0.7783,positive,False,False,False,False,False,False,False,False,False,False,False,False,False,False,False
Mehulsinh Gohel,App doesn't have many features like views of older statements. It is difficult to redeem rewards points too.,2025-09-15,0,latest,2025,18,0.4767,positive,False,False,False,True,False,False,False,False,False,False,False,False,False,False,False
Ankita Pal,fast,2025-09-13,0,latest,2025,1,0.0,neutral,False,False,False,False,False,False,False,False,False,False,False,False,False,False,False
Prasanjit Guha Roy,Use RuPay Credit Card On UPI Instead.,2025-09-13,0,latest,2025,7,0.3818,positive,False,True,False,False,False,False,False,False,False,False,False,False,False,False,False
GALLA RAMACHANDRA RAO,its good,2025-09-13,0,latest,2025,2,0.4404,positive,False,False,False,False,False,False,False,False,False,False,False,False,False,False,False
Dragon Force Martial Arts Academy,nice,2025-09-21,0,latest,2025,1,0.4215,positive,False,False,False,False,False,False,False,False,False,False,False,False,False,False,False
amit kumar Pandey,"You are requested to please bring the New Generation - NCMC Cashback LTF Credit Card or stop providing services in India. kindly stop all old and outdated things, listen public voice.",2025-09-21,0,latest,2025,31,0.5719,positive,False,False,False,True,False,False,False,True,False,False,False,False,False,False,False
Uddhav Lokhande,The American Express card is much better than all the other cards and offers a lot of rewards.,2025-09-21,0,latest,2025,18,0.7184,positive,False,False,False,False,False,False,False,False,False,False,False,False,False,False,False
Santosh Sabat,very helpful and clean and crisp 👌 👏 👍,2025-09-20,0,latest,2025,9,0.904,positive,False,False,False,False,False,False,False,False,False,False,False,False,False,False,False
Kannan Krishnan,good response,2025-09-20,0,latest,2025,2,0.4404,positive,False,False,False,False,False,False,False,False,False,False,False,False,False,False,False
Gemmy Singh,Does not reflect payments and balances instantly. Does not show details of transactions properly.,2025-09-19,0,latest,2025,14,0.0,neutral,False,False,False,False,False,False,False,False,False,False,False,False,False,False,False
Garige Srinivas,Nice card with excellent benefits,2025-09-29,0,latest,2025,5,0.8442,positive,False,False,False,False,False,False,False,False,False,False,False,False,False,False,False
Ravikiran Bukkasagara,"Nice and simple. All features work properly. Feature request, an easy one click way to view Total spends in the current year.",2026-07-03,0,relevance,2026,22,0.6908,positive,False,False,False,False,False,False,False,False,False,False,False,False,False,False,False
BeUnited MAN,"pretty useless app.. it expects password login at all times - there's no option of pin/biometric/mobile otp based login from the app if a user has to everytime login using account password, what's the use of having an app🤷‍♂️ for Card bill settlement- once you've logged in and go to payment page- it expects to enter full card number Twice! what's the point of login then? there's no option to add Amex card for bill payment for any of the Indian netbanking per my understanding",2025-10-03,0,relevance,2025,85,-0.4574,negative,True,True,False,True,False,False,False,False,False,True,False,False,False,False,False
Nitin Baweja,The app experience has improved a lot over the years. Plus I thinks it's high time Amex should expand itself beyond the metro cities. There is a lot of potential in tier 2 and tier 3 cities in today's time. People have money to spend. Expand your reward catalogue as well. I understand Amex targets only the cream customers but trust me when I say tier 2 cities have them in plenty.,2023-09-04,0,relevance,2023,72,0.8934,positive,False,False,False,True,False,True,False,False,False,False,False,False,False,False,False
Shanmuga Narayanan.R,Amex app is very user friendly and has smooth UI. Features are very convenient to use. Well designed. I'm new so still I need to explore a lot such conversion of rewards points and other stuffs haven't played. After a thorough usage will give with detailed review. As of now its good and i would recommend.,2026-07-14,0,relevance,2026,56,0.901,positive,False,False,False,True,False,False,False,True,False,False,False,False,False,False,False
Ayush Aman,There is no proper bill payment option. It takes you to another portal where you have to manually put the amount to pay. Such a bad UI. Also AMEX in general is bad. Not accepted in 80% of the places.,2024-09-25,0,relevance,2024,40,-0.8863,negative,False,True,False,False,False,False,False,True,False,False,False,False,False,False,False
aby yeshodharan,"First of all thanks to Amex india to sanction me a credit card. Honestly there is beyond doubt that, amex cards are the best credit cards i ever used. I would say , they are professionally Fantastic, transparent and prompt in customer care services. I will always recommend amex cards to anyone i know if they ever in need of a credit card. I am highly satisfied and proud to be an amex card member. Aby Yeshodharan",2020-06-06,0,relevance,2020,77,0.9837,positive,False,False,False,False,False,False,False,False,True,False,False,False,False,False,False
Living in Faith Everyday,"one not user friendly feature is you need to enter card details, mobile number and email id every time you pay..... completed to other credit cards",2026-07-12,0,relevance,2026,26,-0.033,neutral,False,True,False,False,False,False,False,True,False,False,False,False,False,False,False
Sanjay,Degrading Support & Service,2025-09-30,0,latest,2025,4,-0.2732,negative,False,False,False,False,False,False,False,False,False,False,False,False,False,False,False
Sangeet Seth,complete wast of time. all they do is keep passing to another person and they kee asking same question without any resolution. Suanna was the worst of all. She really does not know much and really should not be in CS. She is not concerned and try to resolve or research. keep responding the same thing again and again. after 15-20 min of tying with her suddenly priya takes over and ask same questions after telling me let her read the conversation and then tanuja jumps in and does the same thing. i,2025-09-29,0,latest,2025,93,-0.3612,negative,False,False,False,False,False,False,False,False,False,False,False,False,False,False,False
VINOD KUMAR,pathetic,2025-09-29,0,latest,2025,1,-0.5719,negative,False,False,False,False,False,False,False,False,False,False,False,False,False,False,False
Pravin Mahajan,customer care support is not good,2025-09-29,0,latest,2025,6,0.5414,positive,False,False,False,False,False,False,False,False,True,False,False,False,False,False,False
GovindaRajulaReddy M.V,Nice. But Gives Spend offers on Enrollment only. It's not fair.,2025-09-29,0,latest,2025,11,-0.1388,negative,False,False,False,False,False,True,False,False,False,False,False,False,True,False,False
Animesh Shrivastava,Not user friendly,2025-09-29,0,latest,2025,3,-0.3875,negative,False,False,False,False,False,False,False,True,False,False,False,False,False,False,False
Manu Bhatnagar,app and service is great but 3 stars only because no direct payment of bill options. Need to run a marathon before actually paying the bill.,2025-09-29,0,latest,2025,26,-0.0644,negative,False,True,False,False,False,False,False,False,False,False,False,False,False,False,False
Jose Verghese,very good,2025-10-03,0,latest,2025,2,0.4927,positive,False,False,False,False,False,False,False,False,False,False,False,False,False,False,False
Asen Aier,Security Setting not opening Uninstalled than installed. Updated. Yet Transaction Security settings page not opening. Thought maybe in international mode so its not working but back in India still the same.After updates s/w always acts funny.,2025-10-02,0,latest,2025,36,0.7391,positive,False,False,False,False,False,True,True,False,False,False,False,False,False,True,False
TANVEER PASHA,very useful App.,2025-10-02,0,latest,2025,3,0.4927,positive,False,False,False,False,False,False,False,False,False,False,False,False,False,False,False
Shivek Dogra,User interface needs improvement payment process is cumbersome Amex needs to simplify this further.,2025-10-02,0,latest,2025,14,0.4588,positive,False,True,False,False,False,False,False,True,False,False,False,False,False,False,False
Titu Anand,very quick & need to be more detailed,2025-10-01,0,latest,2025,8,0.0,neutral,False,False,False,False,False,False,False,False,False,False,False,False,False,False,False
Chandan Kumar,app not working properly,2025-09-30,0,latest,2025,4,0.0,neutral,False,False,False,False,False,False,True,False,False,False,False,False,False,False,False
Sandeep Agarwal,excellent app,2025-10-06,0,latest,2025,2,0.5719,positive,False,False,False,False,False,False,False,False,False,False,False,False,False,False,False
Saarth Patel,Worst service,2025-10-05,0,latest,2025,2,-0.6249,negative,False,False,False,False,False,False,False,False,False,False,False,False,False,False,False
Ankit Bhatia,best rewards system and an amazing customer support service team,2025-10-05,0,latest,2025,10,0.93,positive,False,False,False,False,False,False,False,False,True,False,False,False,False,False,False
srinivasulu aravapalli,Good,2025-10-03,0,latest,2025,1,0.4404,positive,False,False,False,False,False,False,False,False,False,False,False,False,False,False,False
rohan patkar,not a user friendly app..poor performance,2025-10-03,0,latest,2025,6,-0.3875,negative,False,False,False,False,False,False,False,True,False,False,False,False,False,False,False
rekha n,whenever i try to make a payment the site or the app does not function,2025-10-03,0,latest,2025,15,0.0,neutral,False,True,False,False,False,False,False,False,False,False,False,False,False,False,False
Nimesh Dedhia,App is very good and easy to use.,2025-10-14,0,latest,2025,8,0.7474,positive,False,False,False,False,False,False,False,False,False,False,False,False,False,False,False
Narender Kumar,ok,2025-10-14,0,latest,2025,1,0.296,neutral,False,False,False,False,False,False,False,False,False,False,False,False,False,False,False
Danish Siddique,very good,2025-10-13,0,latest,2025,2,0.4927,positive,False,False,False,False,False,False,False,False,False,False,False,False,False,False,False
Ravi Kant,easy and convenient,2025-10-11,0,latest,2025,3,0.4404,positive,False,False,False,False,False,False,False,False,False,False,False,False,False,False,False
Balvir Panwar,Excellent app,2025-10-11,0,latest,2025,2,0.5719,positive,False,False,False,False,False,False,False,False,False,False,False,False,False,False,False
srinivas N,the No 1 bank in All aspects,2025-10-10,0,latest,2025,7,-0.296,negative,False,False,False,False,False,False,False,False,False,False,False,False,False,False,False
saad ansari,Just superb.Unlatched services,2025-10-10,0,latest,2025,3,0.0,neutral,False,False,False,False,False,False,False,False,False,False,False,False,False,False,False
Krissh 24,Very old app.. should include latest features such as finger sensor technology,2025-10-10,0,latest,2025,12,0.0,neutral,False,False,False,False,False,False,False,False,False,False,False,False,False,False,False
Prateek Singh Sengar,Good.,2025-10-18,0,latest,2025,1,0.4404,positive,False,False,False,False,False,False,False,False,False,False,False,False,False,False,False
Ashrith D Kishore,pathetic app you cannot send an email of the statements and I need to search every where in the app just to find the monthly statements and we dont even have an option to download repayment schedule.,2025-10-18,0,latest,2025,37,-0.5719,negative,False,False,False,False,False,False,False,False,False,False,False,False,False,False,False
Chinmay Mitra,Pathetic. experience,2025-10-18,0,latest,2025,2,-0.5719,negative,False,False,False,False,False,False,False,False,False,False,False,False,False,False,False
Mukarram Khan,Best Service,2025-10-18,0,latest,2025,2,0.6369,positive,False,False,False,False,False,False,False,False,False,False,False,False,False,False,False
Dr VIJAY kumar Shah PHD Goldmedlist,good,2025-10-18,0,latest,2025,1,0.4404,positive,False,False,False,False,False,False,False,False,False,False,False,False,False,False,False
shital verma,super,2025-10-16,0,latest,2025,1,0.5994,positive,False,False,False,False,False,False,False,False,False,False,False,False,False,False,False
Parshuram Mishra,wonderful app . it's easy to use. very good UI,2025-10-15,0,latest,2025,10,0.8687,positive,False,False,False,False,False,False,False,True,False,False,False,False,False,False,False
Vicky Mukhia,"The only drawback of this app is credit card payment as it does not have any options. You will be redirected to webpage where all card details, amount has to be manually inputted. Amex needs to change this asap",2025-10-15,0,latest,2025,39,0.3818,positive,False,True,True,False,False,False,False,False,False,False,False,False,False,False,False
Imran Khan,"Superb app, best experience.",2025-10-23,0,latest,2025,4,0.8519,positive,False,False,False,False,False,False,False,False,False,False,False,False,False,False,False
Anoop Nair,Pathetic experience which have received from Amex.,2025-10-22,0,latest,2025,7,-0.5719,negative,False,False,False,False,False,False,False,False,False,False,False,False,False,False,False
Himanshu Goyal,"I used to consider AMEX support as one of the best however the quality has significantly degraded. They no longer value their customers and have started behaving arrogantly. For Indian cards, they follow MST timings to calculate the reward points (that too without any intimation to customers). Time to quit AMEX now.",2025-10-21,0,latest,2025,52,0.4145,positive,False,False,False,True,False,False,False,False,False,False,False,False,False,False,False
NITIN BHIRUD,Excellent features in this app.Need loan facility as well,2025-10-21,0,latest,2025,9,0.7003,positive,False,False,False,False,False,False,False,False,False,False,False,False,False,False,False
Anish Surana,Patethic and Outdated app. Card bill payment page takes decades to open and logs out randomly irrespective of whether the user is actively making progress!,2025-10-20,0,latest,2025,25,0.6588,positive,False,True,False,False,False,False,False,True,False,False,False,False,False,False,False
ms s,very user friendly and easy to use,2025-10-20,0,latest,2025,7,0.749,positive,False,False,False,False,False,False,False,True,False,False,False,False,False,False,False
Ravinder Singh,as good as I started 26years back. Consistent exellent family feeling and still enjoying family umbrella treatment.,2025-10-20,0,latest,2025,17,0.7783,positive,False,False,False,False,False,False,False,False,False,False,False,False,False,False,False
MOSES RAZA KHAN,Very simple and smooth app ... love you,2025-10-19,0,latest,2025,8,0.6369,positive,False,False,False,False,False,False,False,False,False,False,False,False,False,False,False
Bhavesh Pandya,"I have received a card with 75k limit, as per my profile it is very very low limit, I was expecting more than 10 lacs as discussed with customer care executive, I also asked to her to provide my income documents but she said not required, kindly recheck and process to increase card limit asap",2024-12-01,0,relevance,2024,55,-0.0587,negative,False,False,False,False,False,True,False,False,True,False,False,False,False,False,False
SHUBHAM PANDEY,Very Poor experience,2025-10-27,0,latest,2025,3,-0.5256,negative,False,False,False,False,False,False,False,False,False,False,False,False,False,False,False
Rohan Khanna,best out of the cc apps around,2025-10-27,0,latest,2025,7,0.6369,positive,False,False,False,False,False,False,False,False,False,False,False,False,False,False,False
Kunal Shah,worst experience for eveey petty issue they have one small answer that is we will update u within 24 to 48 hrs better go for donestic cards in India,2025-10-25,0,latest,2025,29,-0.4588,negative,False,False,False,False,False,False,False,False,False,False,True,False,False,False,False
Pranay Gondole,"Mainly using this app to track the transactions, limits and mainly to contact Amex Help Team using the chat option. But the chat option is not working for the last 1 month, even after complaints no action was taken.",2025-10-25,0,latest,2025,39,-0.6705,negative,False,False,False,False,False,False,True,False,True,False,False,False,False,False,False
Sairaghav G Bhat,Very easy to use app.,2025-10-25,0,latest,2025,5,0.4927,positive,False,False,False,False,False,False,False,False,False,False,False,False,False,False,False
Avi Barman,ui need to improve,2025-10-24,0,latest,2025,4,0.4404,positive,False,False,False,False,False,False,False,True,False,False,False,False,False,False,False
GOLDEN TALKS,it's pathetic to say the least. The required options are never available and the chat option is such a mess that it takes several hours to get any response for your questions. AMEX app is one of the worst app ever made. One can not even make the cc bill payment through this app.,2025-10-24,0,latest,2025,54,-0.8834,negative,False,True,False,False,False,False,False,False,True,False,False,False,False,False,False
Sury Design and classes,supeb app,2025-11-04,0,latest,2025,2,0.0,neutral,False,False,False,False,False,False,False,False,False,False,False,False,False,False,False
Ramchandra Patil,Not helpful,2025-11-03,0,latest,2025,2,-0.3252,negative,False,False,False,False,False,False,False,False,False,False,False,False,False,False,False
Kumar Goswami,Amex Plt Reserve. Superb.,2025-11-02,0,latest,2025,4,0.6249,positive,False,False,False,False,False,False,False,False,False,False,False,False,False,False,False
Sarvagya Shri,"when you go to make payment, it takes you to an external page , how stupid is that. Out of my 14 cards amex has the worst experience of using the app. also the lowest limit for reasons beyond my understanding.",2025-11-02,0,latest,2025,41,-0.8779,negative,False,True,False,False,False,True,False,False,False,False,False,False,False,False,False
Dr. Ravi,awesome ... user friendly,2025-11-01,0,latest,2025,4,0.8074,positive,False,False,False,False,False,False,False,True,False,False,False,False,False,False,False
Prabal Sur,"""Fantastic service and seamless experience! Amex really stands out for its reliability and benefits.""",2025-10-31,0,latest,2025,14,0.7574,positive,False,False,False,False,False,False,False,False,False,False,False,False,False,False,False
Prakash Devda,This app is not opening on Redmi Note 7 Pro,2025-10-31,0,latest,2025,10,0.0,neutral,False,False,False,False,False,False,False,False,False,False,False,False,False,False,False
Mithun Sg,User friendly,2025-11-12,0,latest,2025,2,0.4939,positive,False,False,False,False,False,False,False,True,False,False,False,False,False,False,False
SARANJEET SINGH VOHRA,Superb. I booked my flight tickets very smoothly. It's cheaper than any booking app,2025-11-10,0,latest,2025,14,0.6249,positive,False,False,False,False,False,False,False,False,False,False,False,False,False,False,False
Pritiranjan Nayak,"waiting for my refund from 1 month, such a fruad company the customer service is best only when you are existing customer after you cancel card they will harass you to the core",2025-11-09,0,latest,2025,33,0.0,neutral,False,False,False,False,False,False,False,False,True,False,False,False,False,False,True
vikas verma,"very issues, customer care is worse to reach",2025-11-08,0,latest,2025,8,0.1189,neutral,False,False,False,False,False,False,False,False,True,False,False,False,False,False,False
ajay dixit,"Using Android 10 mobile, why should I purchas new mobile for your application only? Your application was previously working on same version then why not now. I know there would be security threats involve but you should improve your application strong not to force customer to buy new mobile. My mobile android version is not upgradable now.",2025-11-08,0,latest,2025,57,0.8442,positive,False,False,False,False,False,False,False,False,False,False,False,False,True,False,False
Sankar V,Good,2025-11-08,0,latest,2025,1,0.4404,positive,False,False,False,False,False,False,False,False,False,False,False,False,False,False,False
bhupendra singh,great,2025-11-07,0,latest,2025,1,0.6249,positive,False,False,False,False,False,False,False,False,False,False,False,False,False,False,False
BIRENDRA KUMAR CHOURASIYA,"Excellent, nice, takatak",2025-11-06,0,latest,2025,3,0.7579,positive,False,False,False,False,False,False,False,False,False,False,False,False,False,False,False
Ankit gupta,"They've made the most basic app. Can't even enroll in monthly milestone program using app, I've to visit online portal for it. The app should at least show an status if the milestone reward is active or not.",2025-02-01,0,relevance,2025,38,0.7506,positive,False,False,False,True,True,False,False,False,False,False,False,False,False,False,False
Namit Gautam,very smooth user friendly,2025-11-25,0,latest,2025,4,0.5367,positive,False,False,False,False,False,False,False,True,False,False,False,False,False,False,False
Shivam Kumar,Horrible App ! No payment options and for everything you have to login online. Whats the use of the app then !,2025-11-21,0,latest,2025,22,-0.7418,negative,True,True,False,False,False,False,False,False,False,False,False,False,False,False,False
Vikas Mishra,excellent 👍,2025-11-19,0,latest,2025,2,0.5719,positive,False,False,False,False,False,False,False,False,False,False,False,False,False,False,False
sridhar s,WOW,2025-11-15,0,latest,2025,1,0.5859,positive,False,False,False,False,False,False,False,False,False,False,False,False,False,False,False
Deepak Chhikara,"finnally, we have an option now to disconnect the chat, and receive feedback survey instantly.",2025-11-13,0,latest,2025,15,0.0,neutral,False,False,False,False,False,False,False,False,True,False,False,False,False,False,False
S. B,V good,2025-11-13,0,latest,2025,2,0.4404,positive,False,False,False,False,False,False,False,False,False,False,False,False,False,False,False
ARUNKUMAR P (Arun CP),Neat app,2025-10-09,0,latest,2025,2,0.4588,positive,False,False,False,False,False,False,False,False,False,False,False,False,False,False,False
Anurag Wagh,"WARNING! Read First Before Getting AMEX Card! Whoever designed this please seek professional help🙏. Here's the flow of the ridiculous system: 1. You login into the app and it shows you ""Payment Amt"". 2. You click ""Make Payment"" the app redirects you to the website WHERE YOU HAVE TO LOGIN AGAIN! 3. It asks to REENTER THE CARD DETAILS AGAIN! 4. Then. It asks you to enter the payment amount. Again! You already have that info! 5. Finally, you are done! Why?!!! APP is designed to have late payments!",2025-05-31,0,relevance,2025,89,-0.3561,negative,True,True,True,False,False,False,False,False,False,False,False,False,False,False,False
Chandramouli J,"As utility payments do not fetch rewards, you can list out what are all the payments coming under the same. Recently I have transacted insurance payment which doesn't fetch rewards. Otherwise I would have got the rewards. Otherwise your service is good",2023-02-28,0,relevance,2023,42,0.2244,neutral,False,True,False,False,False,False,False,False,False,False,False,False,False,False,False
Rini kaur,"Too complex to reach out to their high pedestal cc. Rewards are well hidden from normal view of a user. Older statements are unavailable, while I note icici statements are all available to me right from the first one within their app. Oh yes..glitchy",2024-01-09,0,relevance,2024,44,0.6486,positive,False,False,False,False,False,False,False,False,False,False,False,False,False,False,True
Mayur Yadav,"One of a kind app that asks users to enter the entire credit card details, TWICE every time they have to make payment. Absolutely hate it every single time.",2026-07-02,0,relevance,2026,29,0.2516,neutral,False,True,False,False,False,False,False,False,False,False,False,False,False,False,False
Swapnil Lothey,Make Payment option should take you to the payment page with prefilled information however the app asks to re fill entire card number again and if you don't have card with you then the Make Payment button is useless. Huge drawback in the App,2024-07-20,0,relevance,2024,44,-0.0516,negative,False,True,False,False,False,False,False,False,False,False,False,False,False,False,False
Abhishek Pant,Multiple options been revoked like NFC tap payment. UI is now too cluttered and multiple options moved under a link which involves multiple link rather than a shortcut UI based link. I don't why two factor authentication is required if you can't pay from an app.,2022-05-27,0,relevance,2022,46,-0.3893,negative,False,True,False,False,False,False,False,True,False,False,False,False,False,False,False
Jagbandhu Kar,ease to operate and most user friendly with secured on security points.,2025-12-17,0,latest,2025,12,0.8773,positive,False,False,False,True,False,False,False,True,False,False,False,False,False,False,False
Paarth Shah,awesome card,2025-12-17,0,latest,2025,2,0.6249,positive,False,False,False,False,False,False,False,False,False,False,False,False,False,False,False
Debabbrataa Pal,Awesome Experience,2025-12-16,0,latest,2025,2,0.6249,positive,False,False,False,False,False,False,False,False,False,False,False,False,False,False,False
K Shrikant Gopinath,pretty good app. good UI. content and offers are less,2025-12-16,0,latest,2025,10,0.8402,positive,False,False,False,False,False,False,False,True,False,False,False,False,False,False,False
Sumanta Chandra,Good,2025-12-10,0,latest,2025,1,0.4404,positive,False,False,False,False,False,False,False,False,False,False,False,False,False,False,False
Aulakh Law Office,There should be a direct link to make the bill payment. Or some other convenient way. We have to fill the form every time. Which is very old fashioned and irritating.,2024-04-18,0,relevance,2024,31,-0.4588,negative,False,True,False,False,False,False,False,False,False,False,False,False,False,False,False
SOHAM MEHTA,"Experiance good ,but get to much low credit limit in MRCC which I was not expect,& AMEX have to improve they accepteblity on swipe machine or also in QR everywhere in India, like rupay credit card, and work on MDR charges to high because 80% merchent not accepted AMEX, they should improve amex app, like pre approved credit limit enhancement,card upgrade ect as per customer profile time to time.!! Thank you.!!",2023-08-04,0,relevance,2023,71,0.9817,positive,False,False,False,False,False,True,False,False,False,False,True,False,False,False,True
Gopal,Everything's good except in app card repat feature. It just redirects to an external page where you need to fill lots of information in other to make a payment including amount. In app payment feature should include instant pay with options like minimum due/total/custom amount.,2024-08-28,0,relevance,2024,45,0.6124,positive,False,True,True,False,False,False,False,False,False,False,False,False,False,False,False
Arindam Das,Great experience so far as Amec has invested in the best possible mobile app and customer service experience unlike other credit card providers in India. I am very thankful to Amex for not bothering me with irritating calls on offer and promotions like the other banks. Keep up the good work!,2023-02-24,0,relevance,2023,51,0.9626,positive,False,False,False,False,True,False,False,False,True,False,False,False,False,False,False
A Google user,"India's one of the best app to access, very user friendly features, amazing customer support, and quick resolution to any prob. They are setting an example of service standards.....Keep it up",2019-10-25,0,relevance,2019,31,0.9346,positive,False,False,False,False,False,False,False,True,True,False,False,False,False,False,False
R K,"The most clean UI and UX of any finance app and industry leading customer service just a chat away. I just wish they introduce enable/disable international trxs toggle , assign limit for domestic/international trxs with in the app itself (wink wink look at Axis app) . Please continue to work on merchants onboarding . Cheers.",2021-02-02,0,relevance,2021,55,0.8777,positive,False,False,False,False,False,True,False,True,True,False,False,False,False,True,False
Karthik Kumar BA,No 1 worst Services from American express thier is no proper outlets to swipe card if we swipe some were elese for our needs no 1 worst process their are blocking card asking sensitive information to unblock card and customer care service people behave like worst them any of other small card services. Even small card bank services providing very good compare American express. I guess these cards kind of scammers for the only use of the Card charges only i guess these are running for card charges,2025-02-03,0,relevance,2025,88,-0.0049,neutral,False,False,False,False,False,False,False,False,True,False,False,False,False,False,True
Pankaj Anand,it's just awesome,2025-10-28,0,latest,2025,3,0.6249,positive,False,False,False,False,False,False,False,False,False,False,False,False,False,False,False
A Google user,"Since my last update, the app is giving way too many problems. it doesn't open using biometric, not even with the password and keep giving same error. This has changed since. no issues",2019-07-09,0,relevance,2019,33,-0.4215,negative,True,False,False,False,False,False,True,False,False,False,True,False,False,False,False
Ajit Prajapati,With Amex I'm quite worry free. I love using the card and app for my expense domestic and international. App is quite simple and easy to manage compared to other cards.,2023-02-10,0,relevance,2023,31,0.8294,positive,False,False,False,False,False,False,False,False,False,False,False,False,False,True,False
Harsh Julka,Card Acceptance is low: Beside some metro cities card is not accepted. People get confuse and ask is this an Indian card sir. And you have to spend 1.5 lakh in a year to save AMC. Also to get bonus points now we have to do 4 transactions of 1500 per month which was earlier 1000. So yeah amex do provide good features but the card is not worth. I find Amazon pay icici card better than amex,2021-07-31,0,relevance,2021,78,0.8453,positive,False,True,False,True,False,True,False,False,False,False,False,False,False,False,False
Saurabh Pande,Great app but needs improvement. The biometric login doesn't work the 1st time every time you open the app and you have to try again by minimising the app. There are other glitches too.,2024-08-04,0,relevance,2024,34,0.7615,positive,True,False,False,False,False,False,True,False,False,False,False,False,False,False,False
tarun kumar,"Hi Team Tha application is good but making the credit card payment is not good. This is irritating and not good customer experience. Let me explain one common case When making payment it takes to external website and asks to put all the details why? I am logged in, i am seeing my bills, i am seeing everything then why you can't implement payment within application or make it more smoother to just one click payment process.",2022-05-08,0,relevance,2022,77,-0.7067,negative,False,True,True,False,False,False,False,False,False,False,False,False,True,False,False
Haris Khan,Why Android 12 or later is required to use AMEX ANDROID APP? what about the users who cannot migrate as they are using old phones?,2025-10-31,0,latest,2025,25,0.0,neutral,False,False,False,False,False,False,False,False,False,False,False,False,False,False,False
Ashok Nair,Very Good.,2025-10-30,0,latest,2025,2,0.4927,positive,False,False,False,False,False,False,False,False,False,False,False,False,False,False,False
PRAMOD REDDY,"VERY GOOD, INTERACTIVE , INFORMATIVE, USEFUL",2025-10-30,0,latest,2025,6,0.8516,positive,False,False,False,False,False,False,False,False,False,False,False,False,False,False,False
Rahul Yadav,not able to open in Android 11,2025-10-29,0,latest,2025,7,0.0,neutral,False,False,False,False,False,False,False,False,False,False,False,False,False,False,False
sahil arora,stopped working on lower version than android 12,2025-10-28,0,latest,2025,8,-0.4767,negative,False,False,False,False,False,False,False,False,False,False,False,False,False,False,False
Nipun Gupta,worst services,2025-11-27,0,latest,2025,2,-0.6249,negative,False,False,False,False,False,False,False,False,False,False,False,False,False,False,False
Vijay Venkatasubramani,easy to use and chat service is very convenient,2025-11-27,0,latest,2025,9,0.4404,positive,False,False,False,False,False,False,False,False,True,False,False,False,False,False,False
Vikram Bhardwaj,Excellent,2025-11-26,0,latest,2025,1,0.5719,positive,False,False,False,False,False,False,False,False,False,False,False,False,False,False,False
Kanishak Anand,"The app is great and user friendly. Although, whenever I'm clicking on ""Card Notifications"" tab under ""My Account"", the app is getting crashed.",2024-09-22,0,relevance,2024,23,0.8074,positive,False,False,False,False,False,False,False,True,False,False,False,False,False,False,False
Hitesh Sood,Your bill payment method sucks. Clicking on the payment in app. Should not ask for login again ->card number again-> amount to be paid again. It should Directly take you to upi apps from amex app.,2025-01-31,0,relevance,2025,36,-0.296,negative,True,True,False,False,False,False,False,False,False,False,False,False,False,False,False
Arnold Fernandes,not very user friendly! It's a good credit card none the less but not a great app. The exchange rates are also way too high compared to any other card.,2025-03-28,0,relevance,2025,30,-0.5994,negative,False,False,False,False,False,False,False,True,False,False,False,False,False,True,False
Chirag Vakharia,There are many features which were available and have now been removed from the app like fingerprint verification to login and being able to see how much more i have to spend to waive off my charges. Please bring these features back on the app,2024-02-07,0,relevance,2024,45,0.4019,positive,True,False,False,False,False,True,False,False,False,False,False,False,False,False,True
chandru v,The app does not offer payment services linked with upi rather asks card number even when u have logged in your application with your Authorization. It could have been lot better considering other apps of other banks,2025-01-25,0,relevance,2025,37,0.4939,positive,False,True,False,False,True,False,False,False,False,False,False,False,True,False,False
sagar sonawane,"very good to connect with team, but for statement and transactions view could be better.",2025-12-01,0,latest,2025,15,0.7137,positive,False,False,False,False,False,True,False,False,False,False,False,False,False,False,False
G Sreekanth,Good,2025-11-30,0,latest,2025,1,0.4404,positive,False,False,False,False,False,False,False,False,False,False,False,False,False,False,False
Shree Mahalakshmi Polycot LLP,easy,2025-11-30,0,latest,2025,1,0.4404,positive,False,False,False,False,False,False,False,False,False,False,False,False,False,False,False
Dino Bhambore,Excellent App,2025-11-28,0,latest,2025,2,0.5719,positive,False,False,False,False,False,False,False,False,False,False,False,False,False,False,False
Greg,stop using Amex card they are out of the world in building apps after contusions reminder no response bakwass customer service,2025-11-28,0,latest,2025,21,-0.5267,negative,False,False,False,False,False,False,False,False,True,False,False,True,False,False,False
Sandeep Malvekar,good,2025-11-27,0,latest,2025,1,0.4404,positive,False,False,False,False,False,False,False,False,False,False,False,False,False,False,False
SATHYA REDDI B,"Great app, very user friendly for navigation",2025-12-05,0,latest,2025,7,0.8214,positive,False,False,False,False,False,False,False,True,False,False,False,False,False,False,False
Jay chamunda Farshan mart,best app and best card,2025-12-05,0,latest,2025,5,0.8555,positive,False,False,False,False,False,False,False,False,False,False,False,False,False,False,False
Aakash Yadav,The transaction summaries and the UI interaction should be more fast.,2025-12-04,0,latest,2025,11,0.0,neutral,False,False,False,False,False,True,False,True,False,False,False,False,False,False,False
RAVI KIRAN,Professional and committed. Not like other cards Amex is wonderful in caring and giving benefits to its customers.,2025-12-04,0,latest,2025,18,0.8977,positive,False,False,False,False,False,False,False,False,False,False,False,False,False,False,False
HIMESH,easy to use app,2025-12-02,0,latest,2025,4,0.4404,positive,False,False,False,False,False,False,False,False,False,False,False,False,False,False,False
Alok Bavisi,Amazing,2025-12-02,0,latest,2025,1,0.5859,positive,False,False,False,False,False,False,False,False,False,False,False,False,False,False,False
Naresh bandi,good app for amex,2025-12-10,0,latest,2025,4,0.4404,positive,False,False,False,False,False,False,False,False,False,False,False,False,False,False,False
Sujith N,"It's been 30 days, still my autodebit money is not refunded",2025-12-09,0,latest,2025,11,0.0,neutral,False,True,False,False,False,False,False,False,False,False,False,False,False,False,False
Mrityunjay Tiwari,UI is horrible. there's no way to pay card bills.,2025-12-09,0,latest,2025,10,-0.7269,negative,False,True,False,False,False,False,False,True,False,False,False,False,False,False,False
Rohit Singh,I love this premium credit card,2025-12-06,0,latest,2025,6,0.7783,positive,False,False,False,False,False,False,False,False,False,False,False,False,False,False,False
Pardeep Dahiya,I didn't expected poor services from Amex Team. Very poor customer support. Highly dissatisfied.,2025-12-06,0,latest,2025,14,-0.1946,negative,False,False,False,False,False,False,False,False,True,False,False,False,False,False,False
DILIP R SRINIVAS,if the payment was designed to happen within the app it would have been better. currently the app requires people to enter card details on a web link and make the payment,2025-12-06,0,latest,2025,32,0.4404,positive,False,True,False,False,False,False,False,False,False,False,False,False,False,False,False
Dee Pak,Very heavy and UI very complex need to click many times to get to a inform as in the website,2025-12-06,0,latest,2025,20,0.0,neutral,False,False,True,False,False,False,False,True,False,False,False,False,False,False,False
m a khan,its very fast than othera,2025-12-06,0,latest,2025,5,0.0,neutral,False,False,False,False,False,False,False,False,False,False,False,False,False,False,False
Pritam Jade,worst application ever in the financial industry,2025-12-26,0,latest,2025,7,-0.6249,negative,False,False,False,False,False,False,False,False,False,False,False,False,True,False,False
Vineet singh jadon,good,2025-12-25,0,latest,2025,1,0.4404,positive,False,False,False,False,False,False,False,False,False,False,False,False,False,False,False
Rajendra Haritwal,एप तो बहुत बढ़िया है पर जो संभालने वाले है वो बेईमान है आपके वाउचर्स नहीं देते है चाहे बैंकिंग लोकपाल को लिख लो ये नहीं सुधरने वाले है,2025-12-25,0,latest,2025,29,0.0,neutral,False,False,False,False,False,False,False,False,False,False,False,False,False,False,False
Ashis Dash,This app lacks the basic functionality of paying in app,2025-12-24,0,latest,2025,10,0.0,neutral,False,True,False,False,False,False,False,False,False,False,False,False,False,False,False
Timothy Thomas,"Grow together, we can",2025-12-23,0,latest,2025,4,0.0,neutral,False,False,False,False,False,False,False,False,False,False,False,False,False,False,False
Deepesh S,Worst app,2025-12-23,0,latest,2025,2,-0.6249,negative,False,False,False,False,False,False,False,False,False,False,False,False,False,False,False
Ma R,i don't know how this app surviving in india. making card payment is horrible.,2025-12-23,0,latest,2025,14,-0.3182,negative,False,True,False,False,False,False,False,False,False,False,False,False,False,False,False
Manish Sahu,I lv it,2025-12-22,0,latest,2025,3,0.0,neutral,False,False,False,False,False,False,False,False,False,False,False,False,False,False,False
RADHEY raman,easy to access best service,2025-12-31,0,latest,2025,5,0.7964,positive,False,False,False,False,False,False,False,False,False,False,False,False,False,False,False
pavuluri srinivasa rao,It is easy to use,2025-12-31,0,latest,2025,5,0.4404,positive,False,False,False,False,False,False,False,False,False,False,False,False,False,False,False
Atul Ranjan,worst customer services worst payment services. infact amex itself is worst as most merchant doesnt accepts this card. And they penalise with late payment charges even if you do payment timely and most ironicaly no proper customer grievance mechanisim to resolve the issue....,2025-12-30,0,latest,2025,43,-0.9618,negative,False,True,False,False,False,False,False,False,True,False,False,False,False,False,True
Sagar Asrani,Card Payments are not instant,2025-12-28,0,latest,2025,5,0.0,neutral,False,False,False,False,False,False,False,False,False,False,False,False,False,False,False
Veerabhadrarao V,out dated app UI.. hidden charges..,2025-12-28,0,latest,2025,6,-0.2732,negative,False,False,False,False,False,False,False,True,False,False,False,False,False,False,True
Neeraj Chauhan,"this app not working on my android phone, what is the solution",2025-12-28,0,latest,2025,12,0.3182,neutral,False,False,False,False,False,False,True,False,False,False,False,False,False,False,False
Manish SINGH,amazing card,2026-01-04,0,latest,2026,2,0.5859,positive,False,False,False,False,False,False,False,False,False,False,False,False,False,False,False
William PA,Awesome,2026-01-03,0,latest,2026,1,0.6249,positive,False,False,False,False,False,False,False,False,False,False,False,False,False,False,False
guddu bassaiye,nice app,2026-01-03,0,latest,2026,2,0.4215,positive,False,False,False,False,False,False,False,False,False,False,False,False,False,False,False
Deepakkumar O Agarwal,Prompt respond .,2026-01-03,0,latest,2026,3,0.0,neutral,False,False,False,False,False,False,False,False,False,False,False,False,False,False,False
Mohit Kathuria,App could have been better.,2026-01-03,0,latest,2026,5,0.4404,positive,False,False,False,False,False,False,False,False,False,False,False,False,False,False,False
Raghavan G,fine dash board . prompt navigation. fast.,2026-01-02,0,latest,2026,7,0.2023,neutral,False,False,False,False,False,False,False,False,False,False,False,False,False,False,False
haiyaallal falah charitable trust,very good,2026-01-02,0,latest,2026,2,0.4927,positive,False,False,False,False,False,False,False,False,False,False,False,False,False,False,False
REHAAN KAPOOR,"No biometrics to unlock.. little outdated User interface.. cards doesn't show ur name... Little difficult to access information... Axis Bank, SBI have one of the best app user interface",2024-09-01,0,relevance,2024,29,0.2006,neutral,False,False,False,False,False,False,False,True,False,False,False,False,False,False,False
Mani Grandi,"Not able to pay credit card bill without moving out of the app, I need to go to browser, enter card details and then pay.",2026-01-10,0,latest,2026,25,0.3603,positive,False,True,True,False,False,False,False,False,False,False,False,False,False,False,False
Anil George,"ease of use and speed, it's got it all",2026-01-10,0,latest,2026,9,0.3612,positive,False,False,False,False,False,False,False,False,False,False,False,False,False,False,False
Abhinav Sharma,The app has glitches. Upgrade offer shows up and suddenly disappears midway while the user is in process,2026-01-06,0,latest,2026,18,-0.34,negative,False,False,False,False,True,False,False,False,False,False,True,False,False,False,False
Sitaram Sharma,best credit card sarwish,2026-01-05,0,latest,2026,4,0.7783,positive,False,False,False,False,False,False,False,False,False,False,False,False,False,False,False
Mushir Lokhandwala,nice,2026-01-04,0,latest,2026,1,0.4215,positive,False,False,False,False,False,False,False,False,False,False,False,False,False,False,False
Dr Somnath Bhattacharya,good,2026-01-04,0,latest,2026,1,0.4404,positive,False,False,False,False,False,False,False,False,False,False,False,False,False,False,False
Abhishek Tripathi,nice,2026-01-21,0,latest,2026,1,0.4215,positive,False,False,False,False,False,False,False,False,False,False,False,False,False,False,False
Rupali Tripathi,Service support is very poor,2026-01-20,0,latest,2026,5,-0.1761,negative,False,False,False,False,False,False,False,False,False,False,False,False,False,False,False
Sailaaysh Shinde,its easy to use 😊,2026-01-20,0,latest,2026,5,0.836,positive,False,False,False,False,False,False,False,False,False,False,False,False,False,False,False
Sivasankar Prakash raj,its really back dated,2026-01-19,0,latest,2026,4,0.0,neutral,False,False,False,False,False,False,False,False,False,False,False,False,False,False,False
Mayank Pandey,Im not getting my Paper Statement despite multiple complaints raised as they have India Post as thier delivery Partner which is 101% it wont get delivered,2026-01-19,0,latest,2026,26,0.3089,neutral,False,False,False,False,False,True,False,False,False,False,False,False,False,False,False
anil rana,easy to use,2026-01-19,0,latest,2026,3,0.4404,positive,False,False,False,False,False,False,False,False,False,False,False,False,False,False,False
Raushan Poddar,good ok h,2026-01-17,0,latest,2026,3,0.6249,positive,False,False,False,False,False,False,False,False,False,False,False,False,False,False,False
Ravi Ranjan,worst service,2026-02-02,0,latest,2026,2,-0.6249,negative,False,False,False,False,False,False,False,False,False,False,False,False,False,False,False
Anurag B.,Truly Nice!,2026-02-02,0,latest,2026,2,0.7177,positive,False,False,False,False,False,False,False,False,False,False,False,False,False,False,False
1105722684,information not available around total amount spent in a year,2026-01-25,0,latest,2026,10,0.0,neutral,False,False,False,False,False,False,False,False,False,False,False,False,False,False,False
Gyanprakash Mishra,excellent,2026-01-24,0,latest,2026,1,0.5719,positive,False,False,False,False,False,False,False,False,False,False,False,False,False,False,False
Rakesh Singh Rawat,milestone status is missing after the latest update.,2026-01-24,0,latest,2026,8,-0.296,negative,False,False,False,False,False,False,False,False,False,False,True,False,False,False,False
Udayan Mukherjee,very convenient to operate,2026-01-22,0,latest,2026,4,0.0,neutral,False,False,False,False,False,False,False,False,False,False,False,False,False,False,False
Rishabh Sharma,amex removed the milestone tracker from the app for plat travel in their new update and now we have no idea to know how close are we to reaching the milestone,2026-01-22,0,latest,2026,31,-0.1027,negative,False,False,False,False,False,False,False,False,False,False,True,False,False,False,False
Gagan Sandhu,The user interface is not user friendly. . Could have been better and fast. I made a payment but it was not updated..had to keep checking again and again,2024-02-21,0,relevance,2024,29,0.0351,neutral,False,True,False,False,False,False,False,True,False,False,False,False,False,False,False
sethu,Excellent App Easy to Navigate Everything.,2026-02-10,0,latest,2026,6,0.765,positive,False,False,False,False,False,False,False,False,False,False,False,False,False,False,False
Munish K.,"Good App, only problem is milestone slider disappears often.",2026-02-08,0,latest,2026,9,-0.296,negative,False,False,False,False,False,False,False,False,False,False,False,False,False,False,False
Kondraju Y,Perfect in all aspects 👏👏,2026-02-06,0,latest,2026,5,0.5719,positive,False,False,False,False,False,False,False,False,False,False,False,False,False,False,False
Sukhbir Kaur,good,2026-02-04,0,latest,2026,1,0.4404,positive,False,False,False,False,False,False,False,False,False,False,False,False,False,False,False
Sarveswaran Venugopal,very simple and easy to use,2026-02-03,0,latest,2026,6,0.4877,positive,False,False,False,False,False,False,False,False,False,False,False,False,False,False,False
Megha Patel,I'm so happy,2025-12-22,0,latest,2025,3,0.6115,positive,False,False,False,False,False,False,False,False,False,False,False,False,False,False,False
deepanshu punia,"masst app h.. badiya credit card h.! lots of insta cards to choose from, rewards multiplier & what not!! one wholesome credit card experience.... highly recommended",2025-12-22,0,latest,2025,26,0.7569,positive,False,False,False,False,False,False,False,False,False,False,False,False,False,False,False
KEERTHIVASAN VISWANTHAN,AMEX is my goto credit card for large purchases as long as it's accepted by merchant. Great customer experience even and trustworthy issuer. They have rescued me two times from difficult shopping experience. Overall very satisfied. The app perse is great and not major hiccups.,2024-07-27,0,relevance,2024,45,0.9633,positive,False,False,False,False,False,False,False,False,False,False,False,False,False,False,False
pushpam kumar,Amex services incl customer support is unparallel; but this app needs some overhauling. just not limited with card info but has to be a part of payment and scanning kind of thing.,2025-04-24,0,relevance,2025,32,0.4308,positive,False,True,False,False,False,False,False,False,True,False,False,False,False,False,False
AMIT SHARMA,"The best Credit Card, Best Credit Card Company and Best Mobile app by any credit card company. Amex mobile app division has made this great app, so much easy to operate, finger print login, user friendly interface and functions. I Really Appriciate your efforts..",2022-08-28,0,relevance,2022,44,0.9857,positive,True,False,False,False,False,False,False,True,False,False,False,False,False,False,False
Anirvan Dam,"The way we need to make payments to repay our expenses, is tedious. It's Amex afterall...ui ux can be ten times better aswell. Convenient but not pleasing to use as of now.",2025-01-27,0,relevance,2025,32,-0.4047,negative,False,False,False,False,False,False,False,True,False,False,False,False,False,False,False
Aditya Jain,In India its so difficult to do bill payment with this app. Once you click on pay you need to remember and rewrite all your card details. Cant it just take these details from my account rather than asking me again to put the details.,2020-08-17,0,relevance,2020,45,-0.5634,negative,False,True,False,False,False,False,False,False,False,False,False,False,False,False,False
Jay Pithadia,"Modern yet Easy Interface, which is very rare these days, Almost every card settings option is available through app only, So Good job team.",2024-12-23,0,relevance,2024,24,0.7678,positive,False,False,False,False,False,False,False,True,False,False,False,False,False,False,False
Kapil Zinzuwadia,"Outstanding app. Smooth usage,no hidden charges,user friendly application. Transparent in transactions. Amex cards doesn't support in HDFC machine while payment in any retail outlets.",2024-03-21,0,relevance,2024,24,0.7133,positive,False,True,False,False,False,True,False,True,False,False,False,False,True,False,True
V D,The app is convenient in all ways. The best feature i personally like is the customer care which is available in few clicks,2024-09-10,0,relevance,2024,23,0.872,positive,False,False,False,False,False,False,False,False,True,False,False,False,False,False,False
Vardhan Suthar,"App is really good but giving it 3 because there is major feature that we need is tap & pay support in app, so we don't have to carry it all time.",2024-08-28,0,relevance,2024,32,0.8197,positive,False,True,False,False,False,False,False,False,False,False,False,False,False,False,False
Kaustubh Sonawane,Awesome experience using this app. I love the chat feature. AMEX has the best customer service support. Love the AMEX offers too. Please start companion card program and launch Blue cashback credit card or everyday card and Green charge cards in India.,2024-06-07,0,relevance,2024,42,0.9758,positive,False,False,False,True,False,False,False,False,True,False,False,False,False,False,True
Krishnendu Sarkar,i guess by far the worst and most senile app amongst all banking apps. the amt paid or to be paid is not shown properly. the difference between as on date o/s and billing cycle o/s is not clear,2025-01-11,0,relevance,2025,39,-0.7418,negative,False,False,False,False,False,True,False,False,False,False,False,False,False,False,False
Anil Sharma,This is one of the best credit card companies and with a super mobile app. It is really a previlige to have a card of americal express with super cool and intelligent customer care. Thanks americal express.,2022-06-14,0,relevance,2022,37,0.9776,positive,False,False,False,False,False,False,False,False,True,False,False,False,False,False,False
A Google user,"It does not allow all services offered in desktop online version. Ex: pin change, adding new card etc. It can oly show statements nothing else.",2019-12-14,0,relevance,2019,25,-0.1695,negative,False,False,False,False,False,False,False,False,False,True,False,False,False,False,False
A Google user,good application to maintain and keep watch yoir spending and bill payment . if you can add billing cycle date and reminder that wil be great . thanks,2019-05-11,0,relevance,2019,28,0.872,positive,False,True,False,False,False,True,False,False,False,False,False,True,True,False,False
Shrinath Kuppa,Good app. You should plan to use fingerprint authentication on supported devices. Almost all other banks use fingerprint authentication now. Thanks !,2020-08-02,0,relevance,2020,22,0.8122,positive,True,False,False,False,False,False,False,False,False,False,False,False,False,False,False
Shitanshu Singh,Super simple interface. App is good but offers and other benefits should be available in app. Options is less,2020-07-08,0,relevance,2020,19,0.7783,positive,False,False,False,False,False,False,False,True,False,False,False,False,False,False,False
Himanish Prabhakar,"AMEX has a standard which no one able to match, and the same goes with the app as well. All the needed feature are available in it.",2021-11-10,0,relevance,2021,27,-0.0258,neutral,False,False,False,False,False,False,False,False,False,False,False,False,False,False,False
M. S. Rajamanickam,simple and easy to use ! Promptly reporting in the statement without any delay ! It is useful particularly when we are abroad,2024-09-30,0,relevance,2024,23,0.8098,positive,False,False,False,False,False,True,False,False,False,False,False,False,False,True,False
Dharmendra Dayal,"Very nice app. 100% transperancy, current transaction frequently displayed in the statement.",2026-05-30,0,relevance,2026,12,0.4754,positive,False,False,False,False,False,True,False,False,False,False,False,False,False,False,False
A Google user,"application is user friendly, you can access your account completely and view all your transaction, download bills and lot more, explore the app u will love it. i did :-)",2019-08-10,0,relevance,2019,30,0.8658,positive,False,False,False,False,False,True,False,True,False,False,False,False,True,False,False
meenu chopra,Not very customer friendly. Features like EMI options etc should be on one click not through customer service every time you wish to do so.,2024-09-03,0,relevance,2024,25,0.3326,neutral,False,False,False,False,False,True,False,False,True,False,False,False,False,False,False
Satish k chennai,nice,2026-01-10,0,latest,2026,1,0.4215,positive,False,False,False,False,False,False,False,False,False,False,False,False,False,False,False
Pradeep Bhatia,Find the App very easy to use and operate. So I will continue to give it 5 stars,2026-07-31,0,relevance,2026,18,0.4927,positive,False,False,False,False,False,False,False,False,False,False,False,False,False,False,False
Avinash Godse,App should allow to register multiple cards on one app on se device. It is very difficult to manage in case you have an add-on card.,2025-03-15,0,relevance,2025,26,-0.2247,negative,False,False,False,False,False,False,False,False,False,True,False,False,True,False,False
Rishikesh Date,The app is good and smooth and works with elan. The only suggestion is the transactions take effect to reflect. Whether it is balance due or payment. It should be immediate.,2024-04-30,0,relevance,2024,31,0.4404,positive,False,True,False,False,False,True,False,False,False,False,False,False,False,False,False
A Google user,"Amex Pay doesn't work. The support team seems to be clueless about how to fix the issue, and thus it most certainly doesn't make life easier as it is supposed to.",2019-02-21,0,relevance,2019,31,-0.5855,negative,False,True,False,False,False,False,True,False,True,False,False,False,False,False,False
Sudip Kr,Very limited modules are there.,2026-01-17,0,latest,2026,5,-0.2944,negative,False,False,False,False,False,False,False,False,False,False,False,False,False,False,False
Kamal Goel,Far better and honest than any other.,2026-01-17,0,latest,2026,7,0.7351,positive,False,False,False,False,False,False,False,False,False,False,False,False,False,False,False
ABHISHEK KUMAR,"not user friendly, it doesn't gives in descriptive manner",2026-01-16,0,latest,2026,9,-0.3875,negative,False,False,False,False,False,False,False,True,False,False,False,False,False,False,False
Ravi S Iyer,The best of all.,2026-01-15,0,latest,2026,4,0.6369,positive,False,False,False,False,False,False,False,False,False,False,False,False,False,False,False
John Konda,Excellent and easy to use,2026-01-14,0,latest,2026,5,0.765,positive,False,False,False,False,False,False,False,False,False,False,False,False,False,False,False
PRIYABRATA BEHERA,This app is a garbage app from America. Never working properly.,2026-01-11,0,latest,2026,11,0.0,neutral,False,False,False,False,False,False,False,False,False,False,False,False,False,False,False
Srinivasa Rao,good and easy to use,2026-01-11,0,latest,2026,5,0.7003,positive,False,False,False,False,False,False,False,False,False,False,False,False,False,False,False
Raman Manglik,"Customer centric mobile app with ease to features like transaction limit, PIN view, rewards points , etc make life easy as Amex card users.",2026-01-10,0,latest,2026,24,0.875,positive,False,False,False,True,False,True,False,False,False,True,False,False,False,False,False
VIJAY KUMAR KESARI,Super facility and huge discount offers everytime amex experience is awesome,2026-02-21,0,latest,2026,11,0.8834,positive,False,False,False,False,True,False,False,False,False,False,False,False,False,False,False
sai kiran Gudapati,good 👍,2026-02-20,0,latest,2026,2,0.4404,positive,False,False,False,False,False,False,False,False,False,False,False,False,False,False,False
Vinod Kumar,"Excellent Service, Thanks Amex.",2026-02-19,0,latest,2026,4,0.765,positive,False,False,False,False,False,False,False,False,False,False,False,False,False,False,False
Gaurav Dixit,Smooth and easy to use application. 👌🏻👍🏻,2026-02-18,0,latest,2026,7,0.8415,positive,False,False,False,False,False,False,False,False,False,False,False,False,True,False,False
Aarush,Pretty Smooth and nice UX,2026-02-14,0,latest,2026,5,0.7184,positive,False,False,False,False,False,False,False,True,False,False,False,False,False,False,False
Gaurav kool,Best card ever and nice app,2026-02-13,0,latest,2026,6,0.7906,positive,False,False,False,False,False,False,False,False,False,False,False,False,False,False,False
PULAGAM RAMAKRISHNA,Good.,2026-02-13,0,latest,2026,1,0.4404,positive,False,False,False,False,False,False,False,False,False,False,False,False,False,False,False
Shaninder Oberoi,keep it up always,2026-02-13,0,latest,2026,4,0.0,neutral,False,False,False,False,False,False,False,False,False,False,False,False,False,False,False
Aditya bhattacharya,very poor customer service and amex has lost its mojo,2026-02-26,0,latest,2026,10,-0.6901,negative,False,False,False,False,False,False,False,False,True,False,False,False,False,False,False
Smriti Srivastav,chat option is not coming.,2026-02-26,0,latest,2026,5,0.0,neutral,False,False,False,False,False,False,False,False,True,False,False,False,False,False,False
Satish Rana,Loved it!,2026-02-26,0,latest,2026,2,0.636,positive,False,False,False,False,False,False,False,False,False,False,False,False,False,False,False
Swathi Priya,Great service and Good response from customer service as well,2026-02-24,0,latest,2026,10,0.8442,positive,False,False,False,False,False,False,False,False,True,False,False,False,False,False,False
gouttam sahoo,very good and user friendly.,2026-02-24,0,latest,2026,5,0.7501,positive,False,False,False,False,False,False,False,True,False,False,False,False,False,False,False
Manish R,Excellent Service,2026-02-24,0,latest,2026,2,0.5719,positive,False,False,False,False,False,False,False,False,False,False,False,False,False,False,False
piyush mittal,there are no features in india app. usa app was so good.,2026-02-24,0,latest,2026,12,0.3697,positive,False,False,False,False,False,False,False,False,False,False,False,False,False,True,False
Suraj Subbarao,"good one, can be made more user friendly",2026-02-23,0,latest,2026,8,0.749,positive,False,False,False,False,False,False,False,True,False,False,False,False,False,False,False
nanda kumar,super,2026-03-04,0,latest,2026,1,0.5994,positive,False,False,False,False,False,False,False,False,False,False,False,False,False,False,False
Animesh kumar,bad repayment system.,2026-03-03,0,latest,2026,3,-0.5423,negative,False,False,False,False,False,False,False,False,False,False,False,False,False,False,False
Gopi Kannamaraju,application is not end to end platform. for example the payment leads to another page were u need to enter all the details including card number,2026-03-02,0,latest,2026,26,0.0772,neutral,False,True,False,False,False,False,False,False,False,False,False,False,True,False,False
Ganesh Kumar,cannot pay bills from app. does not enable biometric login. very primitive app,2026-03-01,0,latest,2026,13,0.0762,neutral,True,True,False,False,False,False,False,False,False,False,False,False,False,False,False
mohan rao Parvataneni,extraordinary service 👏,2026-02-28,0,latest,2026,3,0.0,neutral,False,False,False,False,False,False,False,False,False,False,False,False,False,False,False
Kandunuri Sateesh,good but card details are not shown in app,2026-02-27,0,latest,2026,9,0.2382,neutral,False,False,False,False,False,False,False,False,False,False,False,False,False,False,False
Senthil Maharaj,fantastic,2026-02-27,0,latest,2026,1,0.5574,positive,False,False,False,False,False,False,False,False,False,False,False,False,False,False,False
syed shoeb,wonderful experience.,2026-02-27,0,latest,2026,2,0.5719,positive,False,False,False,False,False,False,False,False,False,False,False,False,False,False,False
A Google user,App is easy to use and pretty simple. Not giving many different options to do the same thing is the best part!,2019-08-11,0,relevance,2019,22,0.861,positive,False,False,False,False,False,False,False,False,False,False,False,False,False,False,False
Sonam Wangdi,"Why can't we have our own names mentioned in the display card in our app. Also, I have to move to other app to make payments to my bills. Wish it could all be in one place.",2024-06-27,0,relevance,2024,37,0.4019,positive,False,False,False,False,False,False,False,False,False,False,False,False,False,False,False
Pathan Farhaankhan,BEST IN CLASS APP........👍,2026-03-06,0,latest,2026,4,0.7125,positive,False,False,False,False,False,False,False,False,False,False,False,False,False,False,False
Ajith Davis,Work smoothly,2026-03-05,0,latest,2026,2,0.0,neutral,False,False,False,False,False,False,False,False,False,False,False,False,False,False,False
Hitender Kapoor,"Reflections of payment late, updates are slow",2026-03-05,0,latest,2026,7,0.0,neutral,False,True,False,False,False,False,True,False,False,False,False,False,False,False,False
Lionel Christopher,The ease of use and the support we get from the American Express app is top notch!,2026-03-04,0,latest,2026,17,0.7424,positive,False,False,False,False,False,False,False,False,False,False,False,False,False,False,False
Rahul Karkal,user interface can be better and seemless,2026-03-04,0,latest,2026,7,0.4404,positive,False,False,False,False,False,False,False,True,False,False,False,False,False,False,False
Yatin Patel,easy to use,2026-03-21,0,latest,2026,3,0.4404,positive,False,False,False,False,False,False,False,False,False,False,False,False,False,False,False
Vinod Kumar,good 👍,2026-03-21,0,latest,2026,2,0.4404,positive,False,False,False,False,False,False,False,False,False,False,False,False,False,False,False
payal gandhi,amex service and website sucks,2026-03-17,0,latest,2026,5,-0.3612,negative,False,False,True,False,False,False,False,False,False,False,False,False,False,False,False
Thamilselvan Chinnaswamy,Lack of Empathy and Service,2026-03-16,0,latest,2026,5,-0.3182,negative,False,False,False,False,False,False,False,False,False,False,False,False,False,False,False
ROMAN FAB,excellent,2026-03-16,0,latest,2026,1,0.5719,positive,False,False,False,False,False,False,False,False,False,False,False,False,False,False,False
A Google user,the app is great but when i try to pay the bill it opens payment page and force close the payment page. i have to pay the bill through the desktop site only kindly correct it,2019-03-18,0,relevance,2019,36,0.6858,positive,False,True,False,False,False,False,False,False,False,False,False,False,False,False,False
A Google user,I am happy with the amex card but I request to change the feature on the app and make it more user friendly. No comments on current app.,2018-10-14,0,relevance,2018,28,0.5956,positive,False,False,False,False,False,False,False,True,False,False,False,False,False,False,False
Ashok Nambissan,Certainly improved. Easier to navigate. Wish it allowed direct payment via UPI without again filling in card details.,2021-11-03,0,relevance,2021,18,0.875,positive,False,True,False,False,False,False,False,False,False,False,False,False,False,False,False
Abhinav,"Best service ever, contacting the customer service is a breeze and not like the bot mafia of the other companies. Actual human interactions are always better!",2024-10-08,0,relevance,2024,26,0.7416,positive,False,False,False,False,False,False,False,False,True,False,False,False,False,False,False
sandeep kumar,One of the best customer service provided by AMEX. They have individual toll free numbers for each card. It is easy to connect phone banking officer.,2023-04-27,0,relevance,2023,26,0.886,positive,False,False,False,False,False,False,False,False,True,False,False,False,False,False,False
IMRANULLA KHAN,very very good service,2026-03-24,0,latest,2026,4,0.5379,positive,False,False,False,False,False,False,False,False,False,False,False,False,False,False,False
Nischal Mittal,very nice,2026-03-22,0,latest,2026,2,0.4754,positive,False,False,False,False,False,False,False,False,False,False,False,False,False,False,False
Rakesh Prasad,very much satisfied,2026-03-22,0,latest,2026,3,0.4728,positive,False,False,False,False,False,False,False,False,False,False,False,False,False,False,False
Praveen,"Should really say... appreciate and thanks for the great customer support always, only issue is their annual charges are very high and not all merchants accept amex cards, except for this lovely service always....thanks to the great team",2022-06-21,0,relevance,2022,38,0.9583,positive,False,False,False,False,False,False,False,False,True,False,False,False,False,False,True
RAVIKUMAR A V,"Good, ONE OBSERVATION while making payment through app,we have to fill details of the card everytime.Please see that payment can be done easily through app without filling up of particulars",2024-09-07,0,relevance,2024,30,0.6486,positive,False,True,False,False,False,False,False,False,False,False,False,False,False,False,False
A Google user,"It needs lots of improvement. More features like addreas details, card blocking, re issue of card can be added.",2019-08-30,0,relevance,2019,19,0.4902,positive,False,False,False,False,False,False,False,False,False,False,False,False,False,False,False
A Google user,App interface is very good. But lacks some information. It do have fingerprint login access.,2020-01-10,0,relevance,2020,15,0.2724,neutral,True,False,False,False,False,False,False,True,False,False,False,False,False,False,False
Dharmasish Dwibedy,"Paying amex credit card bill is not simple, pain to pay. no integration with upi, takes to browse, does not remember .",2025-01-22,0,relevance,2025,22,0.4023,positive,False,True,False,False,False,False,False,False,False,False,False,False,False,False,False
A Google user,best bank app in India. User friendly and detail are given so clearly that look like passbook of bank. i really like this amex app. No other bank have such app. Best in best.,2019-04-19,0,relevance,2019,34,0.9732,positive,False,False,False,False,False,False,False,True,False,False,False,False,False,False,False
Manav Singh,"Everything is ok, but they should give option of stop/disable online transaction, Bez no one use credit card 24/7. If he is not using their CC, he should have option to disable online transaction to avoid any fraud or false transaction",2020-05-29,0,relevance,2020,41,-0.8126,negative,False,False,False,False,False,True,False,False,False,False,False,False,False,False,False
Pritpal Singh,It is quite good Card. It is useful for branded outlets or online shopping. Generally merchants say they don't have machine for AMEX Card or avoid it for payment of surcharge.,2024-10-12,0,relevance,2024,31,0.5984,positive,False,True,False,False,False,False,False,False,False,False,False,False,False,False,False
sagar narahari,good service,2026-02-12,0,latest,2026,2,0.4404,positive,False,False,False,False,False,False,False,False,False,False,False,False,False,False,False
Dhilipraj Vasu,payment delay reflecting,2026-02-11,0,latest,2026,3,-0.3182,negative,False,True,False,False,False,False,False,False,False,False,False,False,False,False,False
Deepak Udhwani,This is the most smooth functioning and easy to use App out of all the credit card apps in market. Kudos to the team!,2024-09-05,0,relevance,2024,24,0.8439,positive,False,False,False,False,False,False,False,False,False,False,False,False,False,False,False
Mithun Kannolli,"excellent customer service, high reward and easy to access. Only issue is not available at all merchant points and online portals.",2024-12-21,0,relevance,2024,21,0.8834,positive,False,False,False,True,False,False,False,False,True,False,False,False,False,False,False
Aditya Paliwal,Its a great application for managing your Credit card. It never freezes. I have been using it for more than three years now. It has never disappointed even in the slightest.,2023-02-07,0,relevance,2023,31,0.8529,positive,False,False,False,False,False,False,False,False,False,False,False,False,True,False,False
Rahul Singh,It's tedious task to enter your card detail for payment that too in Amex app. Not an effecient way. Also app doesn't many conventional features.,2020-09-17,0,relevance,2020,25,0.0,neutral,False,True,False,False,False,False,False,False,False,False,False,False,False,False,False
Mukesh Wadhwani,Very easy to search & navigate things. Much better UI than what other cards offer.,2024-12-10,0,relevance,2024,15,0.7264,positive,False,False,False,False,True,False,False,True,False,False,False,False,False,False,False
Nasar Mohammed,"Super simply , widely accepted, no hidden charges and the best of all... Super round the clock support team.",2024-06-01,0,relevance,2024,19,0.947,positive,False,False,False,False,False,False,False,False,True,False,False,False,False,False,True
A Google user,Great application! Lets me manage my card expenses in an easy and minimalist way. I get all the information i need in this app.,2019-06-02,0,relevance,2019,24,0.807,positive,False,False,False,False,False,False,False,False,False,False,False,False,True,False,False
MANISH VIJAY,App is very good. Easy to handle. But there is some problem in version 6.31.0. We are not able to see total spending on card.,2020-07-10,0,relevance,2020,25,-0.0937,negative,False,False,False,False,False,False,False,False,False,False,False,False,False,False,False
Akhil Prabhakaran,Clean UI and Minimalist App with all relevant info within the app. Would love to see UPI payment options within the app for easier CC due payments.,2023-07-02,0,relevance,2023,27,0.8658,positive,False,True,False,False,False,False,False,True,False,False,False,False,False,False,False
Prateek Dwivedi,"Low acceptance in market, poor lounge parternship when compared with other cards in the market. Reward conversion is fairly okay though. But in the category the fees charged is not commensurate with the services being provided.",2025-01-12,0,relevance,2025,36,-0.0,neutral,False,False,False,True,False,False,False,False,False,False,False,False,False,False,False
Kunal Shukla,Better than most. Not the typical banking app with lags and crashes. Everything works as expected. My request to devs is to develop all feature on the native app itself and not use the web view,2024-09-25,0,relevance,2024,36,0.1027,neutral,False,False,True,False,False,False,False,False,False,False,False,False,False,False,False
Harsh Malpani,Helpful and convenient. It clearly shows if bill is paid or not. It's not instantly updated but gets it right next working day.,2024-09-22,0,relevance,2024,23,0.4118,positive,False,False,False,False,False,False,False,False,False,False,False,False,False,False,False
vikas mehta,i enjoy working on this app. All details can be found very easily.,2026-04-17,0,latest,2026,13,0.7089,positive,False,False,False,False,False,False,False,False,False,False,False,False,False,False,False
Sunil Vohra,seamless experience,2026-04-17,0,latest,2026,2,0.0,neutral,False,False,False,False,False,False,False,False,False,False,False,False,False,False,False
Natasha Sachdeva,Pathetic,2026-03-09,0,latest,2026,1,-0.5719,negative,False,False,False,False,False,False,False,False,False,False,False,False,False,False,False
mohsin abdul,Great experience with Amex.,2026-03-07,0,latest,2026,4,0.6249,positive,False,False,False,False,False,False,False,False,False,False,False,False,False,False,False
Dnyanesh Tendulkar,excellent and one app customer service,2026-03-07,0,latest,2026,6,0.5719,positive,False,False,False,False,False,False,False,False,True,False,False,False,False,False,False
Sudhanshu Varshney,very easy and customer friendly,2026-03-06,0,latest,2026,5,0.7501,positive,False,False,False,False,False,False,False,False,False,False,False,False,False,False,False
A Google user,"Facing issues with login. After entering password, it says app is outdated and refer to playstore. There is no update available as per playstore. Resolve asap please",2019-08-31,0,relevance,2019,27,0.4019,positive,True,False,False,False,False,False,False,True,False,False,True,False,False,False,False
Bankim BHATT,Though the AMEX offers great services their acceptance is a big issue. Large establishment also do not accept their card due to heavy charges. Haven't used their App on mobile due to concern on security reasons,2021-09-01,0,relevance,2021,36,0.7364,positive,False,False,False,False,False,False,False,False,False,False,False,False,False,False,True
A Google user,Nice app very easy to operate...login through finger scanner is really effective....get rid of typing login and password every time. keep it up👍,2019-07-10,0,relevance,2019,23,0.7178,positive,True,False,False,False,False,False,False,False,False,False,False,False,False,False,False
Mustafa Pursewala,good user interface,2026-03-11,0,latest,2026,3,0.4404,positive,False,False,False,False,False,False,False,True,False,False,False,False,False,False,False
DrManish Bhatt,not able to reach you,2026-03-11,0,latest,2026,5,-0.0191,neutral,False,False,False,False,False,False,False,False,False,False,False,False,False,False,False
Goli Ravinder,simply superb,2026-03-11,0,latest,2026,2,0.6249,positive,False,False,False,False,False,False,False,False,False,False,False,False,False,False,False
Rajesh,"no option to pay bills within app directly, paying bill requires to leave the app and enter card details on Amex website",2026-03-11,0,latest,2026,22,-0.4215,negative,False,True,True,False,False,False,False,False,False,False,False,False,False,False,False
Nishank Sharma,good app,2026-03-10,0,latest,2026,2,0.4404,positive,False,False,False,False,False,False,False,False,False,False,False,False,False,False,False
raviprakash chhangani,Incomplete customer care service on chat. Over the phone it's better and complete.,2026-03-10,0,latest,2026,13,0.7269,positive,False,False,False,False,False,False,False,False,True,False,False,False,False,False,False
Smriti Attavar,App is not user friendly. Disappointed,2026-03-10,0,latest,2026,6,-0.0191,neutral,False,False,False,False,False,False,False,True,False,False,False,False,False,False,False
Dsreddy,excellent,2026-03-16,0,latest,2026,1,0.5719,positive,False,False,False,False,False,False,False,False,False,False,False,False,False,False,False
harish babu,Good app,2026-03-16,0,latest,2026,2,0.4404,positive,False,False,False,False,False,False,False,False,False,False,False,False,False,False,False
Arpan Shah,Payment Gateway is very bad,2026-03-16,0,latest,2026,5,-0.5849,negative,False,True,False,False,False,False,False,False,False,False,False,False,False,False,False
Shab Jan,user friendly and reliable,2026-03-15,0,latest,2026,4,0.4939,positive,False,False,False,False,False,False,False,True,False,False,False,False,False,False,False
Gagandeep Kaur,very nice,2026-03-14,0,latest,2026,2,0.4754,positive,False,False,False,False,False,False,False,False,False,False,False,False,False,False,False
suraj kanojia,"app is awesome in terms of payment, points redemption... etc everything",2026-03-13,0,latest,2026,11,0.6249,positive,False,True,False,True,False,False,False,False,False,False,False,False,False,False,False
KARMVEER,charges very high,2026-03-12,0,latest,2026,3,-0.2732,negative,False,False,False,False,False,False,False,False,False,False,False,False,False,False,True
Raul,Very poor experience,2026-03-12,0,latest,2026,3,-0.5256,negative,False,False,False,False,False,False,False,False,False,False,False,False,False,False,False
SATISH SHENDE,worst services in the world. specially in india,2026-03-27,0,latest,2026,8,-0.6249,negative,False,False,False,False,False,False,False,False,False,False,False,False,False,False,False
buchan pathak,Third Class. Very Tough to make Payment.,2026-03-27,0,latest,2026,7,-0.2006,negative,False,True,False,False,False,False,False,False,False,False,False,False,False,False,False
SARADINDU SENGUPTA,Good,2026-03-26,0,latest,2026,1,0.4404,positive,False,False,False,False,False,False,False,False,False,False,False,False,False,False,False
Manish Bhardwaj 007,"Amex is the best credit card, last month I purchased a new phone and I got the best offers from this card.....",2026-03-25,0,latest,2026,22,0.9001,positive,False,False,False,False,False,False,False,False,False,False,False,False,False,False,False
Kandukury Subrahmanyam,Excellent service,2026-03-25,0,latest,2026,2,0.5719,positive,False,False,False,False,False,False,False,False,False,False,False,False,False,False,False
Avinash Shrivastava,Unable to find proper details,2026-03-24,0,latest,2026,5,0.0,neutral,False,False,False,False,False,False,False,False,False,False,False,False,False,False,False
Vivek Verma,It used to work perfectly earlier but now it is always error stating 'error loading this content'. I already done uninstall and reinstall but it didn't help. Could you please look into it,2023-03-15,0,relevance,2023,33,-0.6638,negative,False,False,False,False,False,False,True,False,False,False,False,False,False,False,False
Pranav Shah,"Awesome & quick service 100% It's just sometimes, not all vendors accept it so please if you can make your terms & conditions little reasonable for them so we customers can use it at ease.",2024-12-20,0,relevance,2024,35,0.7911,positive,False,False,False,False,False,False,False,False,False,False,False,False,False,False,False
Asfaque Uddin,useless payment method and always charges extra then other,2026-04-01,0,latest,2026,9,-0.5994,negative,False,True,False,False,False,False,False,False,False,False,False,False,False,False,True
Abhinav Mahajan,Horrible application. No in app payment support and no detail guidance whatsoever,2026-04-01,0,latest,2026,12,-0.6369,negative,False,True,False,False,False,False,False,False,False,False,False,False,True,False,False
Suga Priya,smooth service,2026-04-01,0,latest,2026,2,0.0,neutral,False,False,False,False,False,False,False,False,False,False,False,False,False,False,False
Nurudin Hajiyani,Excellent Service,2026-04-01,0,latest,2026,2,0.5719,positive,False,False,False,False,False,False,False,False,False,False,False,False,False,False,False
Amit Singh,Excellent Services,2026-03-31,0,latest,2026,2,0.5719,positive,False,False,False,False,False,False,False,False,False,False,False,False,False,False,False
Thomas George,Amex American expert,2026-03-29,0,latest,2026,3,0.0,neutral,False,False,False,False,False,False,False,False,False,False,False,False,False,False,False
SANDEEP HANDA,Best Service. Best staff. Best credit card.,2026-03-28,0,latest,2026,7,0.9451,positive,False,False,False,False,False,False,False,False,False,False,False,False,False,False,False
Shunka Vishwanth,App experience is good,2026-03-28,0,latest,2026,4,0.4404,positive,False,False,False,False,False,False,False,False,False,False,False,False,False,False,False
Sachin Sikander,payment made to the card is not reflecting immediately,2026-04-08,0,latest,2026,9,0.0,neutral,False,True,False,False,False,False,False,False,False,False,False,False,False,False,False
Rahul Pandey,most pathetic app ever. Even when the bill is paid it shows unpaid for days.,2026-04-06,0,latest,2026,15,-0.6115,negative,False,False,False,False,False,False,False,False,False,False,False,False,False,False,False
Karthik R,great ui,2026-04-05,0,latest,2026,2,0.6249,positive,False,False,False,False,False,False,False,True,False,False,False,False,False,False,False
D G,horrible,2026-04-05,0,latest,2026,1,-0.5423,negative,False,False,False,False,False,False,False,False,False,False,False,False,False,False,False
Yogesh Mishra,superb,2026-04-03,0,latest,2026,1,0.6249,positive,False,False,False,False,False,False,False,False,False,False,False,False,False,False,False
Parthasarathi Thakurta,excellent,2026-04-03,0,latest,2026,1,0.5719,positive,False,False,False,False,False,False,False,False,False,False,False,False,False,False,False
Imran Khan,best experience,2026-04-15,0,latest,2026,2,0.6369,positive,False,False,False,False,False,False,False,False,False,False,False,False,False,False,False
AFSANA PATEL,very nice,2026-04-13,0,latest,2026,2,0.4754,positive,False,False,False,False,False,False,False,False,False,False,False,False,False,False,False
Pranav Kakani,silky smooth. gets all done,2026-04-13,0,latest,2026,5,0.0,neutral,False,False,False,False,False,False,False,False,False,False,False,False,False,False,False
Sahil Sharma,compared with other bank applications it really feels outdated and headache.,2026-04-12,0,latest,2026,11,0.0,neutral,False,False,False,False,False,False,False,True,False,False,False,False,False,False,False
Manoj KUMAR BISWAL,good to use,2026-04-11,0,latest,2026,3,0.4404,positive,False,False,False,False,False,False,False,False,False,False,False,False,False,False,False
Chintala Murali,Super app👍👌👌,2026-04-10,0,latest,2026,2,0.9448,positive,False,False,False,False,False,False,False,False,False,False,False,False,False,False,False
ram kumar,very bad,2026-04-09,0,latest,2026,2,-0.5849,negative,False,False,False,False,False,False,False,False,False,False,False,False,False,False,False
Suman kumar,nice app and fast,2026-05-01,0,latest,2026,4,0.4215,positive,False,False,False,False,False,False,False,False,False,False,False,False,False,False,False
rohit raman,it's good,2026-05-01,0,latest,2026,2,0.4404,positive,False,False,False,False,False,False,False,False,False,False,False,False,False,False,False
Kamal Pahadia,"The American Card offers excellent service. I'm just getting started, and I'll enjoy its benefits in the future.",2026-04-30,0,latest,2026,18,0.8591,positive,False,False,False,False,False,False,False,False,False,False,False,False,False,False,False
SIVAKUMAR LOGANATHAN,GOOD SERVICE,2026-04-30,0,latest,2026,2,0.4404,positive,False,False,False,False,False,False,False,False,False,False,False,False,False,False,False
Ajay Yadav,good app,2026-04-29,0,latest,2026,2,0.4404,positive,False,False,False,False,False,False,False,False,False,False,False,False,False,False,False
Mihir Rego,Easy to understand and use. Almost perfect so far.,2026-04-28,0,latest,2026,9,0.7436,positive,False,False,False,False,False,False,False,False,False,False,False,False,False,False,False
Faiz Lala,"The only issue is, let me just pay bill with the app. A button to pay bill, takes me to NetBanking or UPI, and pay.",2026-04-27,0,latest,2026,25,-0.296,negative,False,True,False,False,False,False,False,False,False,False,False,False,False,False,False
Ram melam,good experience,2026-05-11,0,latest,2026,2,0.4404,positive,False,False,False,False,False,False,False,False,False,False,False,False,False,False,False
Bishnu Maharana,good,2026-05-09,0,latest,2026,1,0.4404,positive,False,False,False,False,False,False,False,False,False,False,False,False,False,False,False
CA Jainam Shah,chat option goes invisible sometimes,2026-05-08,0,latest,2026,5,0.0,neutral,False,False,False,False,False,False,False,False,True,False,False,False,False,False,False
Moseen Ansari,EXCEPTIONAL,2026-05-06,0,latest,2026,1,0.0,neutral,False,False,False,False,False,False,False,False,False,False,False,False,False,False,False
anupam moitra,such a below average app from Amex India! what a shame!,2026-05-05,0,latest,2026,11,-0.5696,negative,False,False,False,False,False,False,False,False,False,False,False,False,False,False,False
Vijay R,The best benefits is amex platinum travel with Marriott hotels. It's really worth don't miss it.,2026-05-04,0,latest,2026,16,0.8658,positive,False,False,False,False,False,False,False,False,False,False,False,False,False,False,False
Anand M,Simple and effective. NUMBER ONE for the purpose.,2026-05-03,0,latest,2026,8,0.6289,positive,False,False,False,False,False,False,False,False,False,False,False,False,False,False,False
suresh dodda,good service,2026-05-14,0,latest,2026,2,0.4404,positive,False,False,False,False,False,False,False,False,False,False,False,False,False,False,False
Vivek GHAI,👍,2026-05-14,0,latest,2026,1,0.0,neutral,False,False,False,False,False,False,False,False,False,False,False,False,False,False,False
DONTHULA SAI RAM,Excellent App😀,2026-05-14,0,latest,2026,2,0.7351,positive,False,False,False,False,False,False,False,False,False,False,False,False,False,False,False
Ravi Pugaliya & Associates,total Fraud Cheat credit card. They make false charges Rs10000as card fee. Total Fraud,2026-05-14,0,latest,2026,14,-0.8934,negative,False,False,False,False,False,False,False,False,False,False,False,False,False,False,True
Renith Priyadarshi,wonderful,2026-05-13,0,latest,2026,1,0.5719,positive,False,False,False,False,False,False,False,False,False,False,False,False,False,False,False
suresh babu,Excellant,2026-05-11,0,latest,2026,1,0.0,neutral,False,False,False,False,False,False,False,False,False,False,False,False,False,False,False
Ganesh Kumar,"The app is very good but we would like to give a suggestion that for a new feature, you should also give the option of digital card in your app like other cards apps. This feature will help us a lot",2024-02-03,0,relevance,2024,41,0.9031,positive,False,False,False,False,False,False,False,False,False,False,False,False,False,False,False
Maxan D'souza,Trying to make a payment from the app and it doesn't work. Redirects to a website where Billdesk does not recognise this card. Trying to make a payment is a pain!,2025-03-18,0,relevance,2025,31,-0.5562,negative,False,True,True,False,False,False,True,False,False,False,False,False,False,False,False
Anjali Dadhich,"Because of covid-19, could spend upto the limit so as to get annual membership fee waived. After I called customer care, the guy Salman was very polite and helped in the matter. Highly Commendable.",2020-07-17,0,relevance,2020,34,0.5106,positive,False,False,False,False,False,True,False,False,True,False,False,False,False,False,True
Shailesh Jain,No Nonsense App. Easy to operate with the facility to see Membership Rewards also. Also the ease of enabling and disbaling Card Transactions is best in class.,2025-02-14,0,relevance,2025,27,0.932,positive,False,False,False,False,False,False,False,False,False,False,False,False,False,False,False
Sunoj Thampy,Excellent Experience...Would love using this card...Only thing is I got a limit of 50k only and I need a card with higher limit so that I can do bigger transaction.,2025-06-09,0,relevance,2025,30,0.836,positive,False,False,False,False,False,True,False,False,False,False,False,False,False,False,False
Nayan Satpute,-Can't make payment on the app but it redirects you to some webpage -To get multiplier points you are supposed to be redirected from the App to different service providers which isn't a user friendly experience -Regional Banks have a better UI,2025-06-13,0,relevance,2025,42,0.1048,neutral,False,True,True,True,False,False,False,True,False,False,False,False,False,False,False
Vineet Neoliya,Had there been zero rating i would have given that. Reason is to force me to give review and the popup form was not getting removed without giving the review. Don't play such games with customers.,2022-01-28,0,relevance,2022,36,-0.4717,negative,False,False,False,False,False,False,False,False,False,False,False,False,False,False,False
A Google user,"The app lacks building proper Personal Profile, change of Address or email or mobile number etc. Need to check with RBL such kind of apps where the details are very good.",2020-02-24,0,relevance,2020,31,0.5413,positive,False,False,False,False,False,False,False,False,False,False,False,False,False,False,False
A Google user,There should be an option to redeem the points against travel vouchers. A customer need not call each time to redeem their points.,2019-06-15,0,relevance,2019,23,0.0,neutral,False,False,False,True,False,False,False,False,False,False,False,False,False,False,False
A Google user,very limited stores where you can use this card. if you are having this card then always keep another card as well.,2019-03-01,0,relevance,2019,22,-0.024,neutral,False,False,False,False,False,False,False,False,False,False,False,False,False,False,False
Hari Prasanth,"While making payment, you ask us to login with complete card details again even after logging in securely to the app using fingerprint etc. Annoying",2025-02-01,0,relevance,2025,25,-0.0772,negative,True,True,False,False,False,False,False,False,False,False,False,False,False,False,False
Jeet B.,"App is too bare-bones for a bank like AMEX. No basic options like copying card details, no card alert controls, no Digital Tap to Pay..",2024-02-26,0,relevance,2024,25,-0.4382,negative,False,True,False,False,False,False,False,False,False,False,False,True,False,False,False
Vaibhav Aggarwal,All Amex cards can be managed with single finger print. Very detailed app! A lot of useful functionality added over years to make it a powerful tool.,2020-06-22,0,relevance,2020,27,0.7177,positive,False,False,False,False,False,False,False,False,False,False,False,False,False,False,False
A Google user,"It is fast & user-friendly. However, on few occasion, the amount spend doesnot figure immediately under ""pending""...",2019-05-09,0,relevance,2019,17,0.0,neutral,False,False,False,False,False,True,False,False,False,False,False,False,False,False,False
A Google user,"nice app1 .... i guess there can be improvement to show details of ""membership rewards points"" like how many points gained on each transactions ....",2019-06-17,0,relevance,2019,25,0.9186,positive,False,False,False,True,False,False,False,False,False,False,False,False,False,False,False
A Google user,"A Simplified app which let's you check your credit card spend, points and statements with very ease. Thumbs up",2019-12-13,0,relevance,2019,19,0.659,positive,False,False,False,True,False,True,False,False,False,False,False,False,False,False,False
Praveen Kumar,"Making paymemts through the app is not a smooth process. When you are already logged in , why do I habe provide my card details while making payments. May like to lool at ICICI bank app to get some clues.",2025-06-18,0,relevance,2025,40,0.3612,positive,False,False,False,False,False,False,False,False,False,False,False,False,False,False,False
A Google user,Good app but limited functionality. It does not show all details thats there on the card hence yoi have to carry the card in any case!,2019-11-21,0,relevance,2019,26,-0.1759,negative,False,False,False,False,False,False,False,False,False,False,False,False,False,False,False
dilip bs,"Easy to navigate, all the information available on finger tips. Rewards link also available.",2020-07-15,0,relevance,2020,14,0.7184,positive,False,False,False,False,False,False,False,False,False,False,False,False,False,False,False
A Google user,wrong card details shown when logged in on the dashboard and also points redeem option against bill amount never works and ending up in an error.,2019-03-25,0,relevance,2019,26,-0.7003,negative,False,False,False,True,False,False,True,False,False,False,False,False,False,False,False
A Google user,I cannot find reward points section post the update of the app. Why that's been removed ? it was great to track point in app. Please re add the feature.,2019-10-02,0,relevance,2019,30,0.5271,positive,False,False,False,True,False,False,False,False,False,False,True,False,False,False,False
Ra Ra,Very poor interface and looks like bill payment option was purposefully made difficult to use . Does not reflect good on bank like amex,2024-01-15,0,relevance,2024,24,-0.5104,negative,False,True,False,False,False,False,False,True,False,False,False,False,False,False,False
Ravi Choudhari,Perfect app... Give you all information you need and allows you to download statement fire last several months. You can also use reward points via link within the app.,2023-04-23,0,relevance,2023,29,0.7184,positive,False,False,False,True,False,True,False,False,False,False,False,False,False,False,False
Gaurav Khurana,"Customer support is only available via phone or chat and no email. Chat is mobile only, very basic with lot of issues.",2023-12-12,0,relevance,2023,22,0.128,neutral,False,False,False,False,False,False,False,False,True,False,False,False,False,False,False
Varun Singh,"It has been a nice experience so far with the App. Nice UI, all things within the app are well organised. All relevant information about the Card is systematically displayed.",2025-03-04,0,relevance,2025,30,0.7717,positive,False,False,False,False,False,False,False,True,False,False,False,False,False,False,False
ashu srivastava,Amazing bank with amazing experiences. Its just exceptional. A little bit have been more comfortable if making statement payment would have been easy. Rest all is excellent,2023-09-06,0,relevance,2023,27,0.9571,positive,False,True,False,False,False,True,False,False,False,False,False,False,False,False,False
Jaikishan Vaishnav,Payments made don't appear instantly causing confusion and surprises. I can't see my card number in this app.,2025-03-06,0,relevance,2025,18,0.0,neutral,False,False,False,False,False,False,False,False,False,False,False,False,False,False,False
Kunwar Bahadur Singh,in this card Cash limit bhi hona chahiye,2026-04-26,0,latest,2026,8,0.0,neutral,False,False,False,False,False,True,False,False,False,False,False,False,False,False,False
nilesh prajapati,worst payment experience not user friendly interface,2026-04-25,0,latest,2026,7,-0.7736,negative,False,True,False,False,False,False,False,True,False,False,False,False,False,False,False
Arun Kumar,good,2026-04-25,0,latest,2026,1,0.4404,positive,False,False,False,False,False,False,False,False,False,False,False,False,False,False,False
Hasit Joshi,it's a Really Great Experience to Staying with Application,2026-04-24,0,latest,2026,9,0.659,positive,False,False,False,False,False,False,False,False,False,False,False,False,True,False,False
Vaibhav Tiparadi,not interactive.. very tidious steps for payment of bill..such a non friendly user interface,2026-04-23,0,latest,2026,14,0.4939,positive,False,True,False,False,False,False,False,True,False,False,False,False,False,False,False
Cordis James,very good,2026-04-22,0,latest,2026,2,0.4927,positive,False,False,False,False,False,False,False,False,False,False,False,False,False,False,False
piyush ahuja,intuitive n agile,2026-04-20,0,latest,2026,3,0.0,neutral,False,False,False,False,False,False,False,True,False,False,False,False,False,False,False
shri srinivass,Good,2026-05-25,0,latest,2026,1,0.4404,positive,False,False,False,False,False,False,False,False,False,False,False,False,False,False,False
Vivek Srivastava,wish i could give negative stars. their customer service is the worst in the world. their card does not work anywhere. they have hidden charges on every transaction. they are cheater and their customer service department is a bigger cheater and if you call them and tell that you are charged incorrect charges by amex they will completely deny. make sure everyone audits their amex statmeents. they have many charges in disguise and their excuse is that RBI allows them as it is written in fineprint,2026-05-19,0,latest,2026,86,-0.9639,negative,False,False,False,False,False,True,False,False,True,False,False,False,False,False,True
Bhawani Singh Kushwaha,"Biometric login may be introduced, for ease of login",2026-05-18,0,latest,2026,9,0.3612,positive,True,False,False,False,False,False,False,False,False,False,False,False,False,False,False
Ajay Jha,good,2026-05-18,0,latest,2026,1,0.4404,positive,False,False,False,False,False,False,False,False,False,False,False,False,False,False,False
Udar Das,Very useful,2026-05-17,0,latest,2026,2,0.4927,positive,False,False,False,False,False,False,False,False,False,False,False,False,False,False,False
gagan oberoi,one card for all . no more to credit card after having this,2026-05-16,0,latest,2026,13,0.1725,neutral,False,False,False,False,False,False,False,False,False,False,False,False,False,False,False
Harish Kumar Mehta,One of the best Banking App.,2026-05-30,0,latest,2026,6,0.6369,positive,False,False,False,False,False,False,False,False,False,False,False,False,False,False,False
Ratan,its never been a hassle using and managing the Amex card. Also the people at Amex are genuinly polite and kind. Kudos to the team,2026-05-28,0,latest,2026,25,0.7717,positive,False,False,False,False,False,False,False,False,False,False,False,False,False,False,False
Manoj Goyal,user friendly,2026-05-28,0,latest,2026,2,0.4939,positive,False,False,False,False,False,False,False,True,False,False,False,False,False,False,False
Sudhir Kumar Yadav,Nice and clean app.,2026-05-26,0,latest,2026,4,0.6705,positive,False,False,False,False,False,False,False,False,False,False,False,False,False,False,False
Nandhigeeswaran Jayavelu,over all good.But only one option is there it will goes to ***** That is switched on & off option in Card usage in mobile app.,2026-05-26,0,latest,2026,26,0.0,neutral,False,False,False,False,False,False,False,False,False,False,False,False,False,False,False
Sujith G,Good,2026-05-25,0,latest,2026,1,0.4404,positive,False,False,False,False,False,False,False,False,False,False,False,False,False,False,False
deepak jaiswal,very helping,2026-05-25,0,latest,2026,2,0.3597,positive,False,False,False,False,False,False,False,False,False,False,False,False,False,False,False
samir mapuskar,good,2026-06-02,0,latest,2026,1,0.4404,positive,False,False,False,False,False,False,False,False,False,False,False,False,False,False,False
mehul Bhandarkar,superb,2026-06-02,0,latest,2026,1,0.6249,positive,False,False,False,False,False,False,False,False,False,False,False,False,False,False,False
Anupam Guru,Nice,2026-06-02,0,latest,2026,1,0.4215,positive,False,False,False,False,False,False,False,False,False,False,False,False,False,False,False
Apurba Kanti Das,It has no such offer that is value for money.,2026-06-01,0,latest,2026,10,0.0516,neutral,False,False,False,False,True,False,False,False,False,False,False,False,False,False,False
PRAVEEN KUMAR BANSAL,AWESOME,2026-06-01,0,latest,2026,1,0.6249,positive,False,False,False,False,False,False,False,False,False,False,False,False,False,False,False
rajbir singh,very nice app service,2026-06-01,0,latest,2026,4,0.4754,positive,False,False,False,False,False,False,False,False,False,False,False,False,False,False,False
Arnab Chakrabortyy,Very complicated process to make payment for outstanding dues. Always need to use paytm or Gpay to make payment. No right usage for the app except statement view.,2023-12-16,0,relevance,2023,28,0.4215,positive,False,True,False,False,False,True,False,False,False,False,False,False,False,False,False
A Google user,"No real time update in app, not getting rewards as committed by representatives. Representatives version differs with the literature provided in the kit.",2019-11-24,0,relevance,2019,23,-0.3927,negative,False,False,False,False,False,False,False,False,False,False,True,False,False,False,False
pegasus 11,my experience with amex has been phenomenonal. hope I get to use the higher tier cards soon.,2026-06-05,0,latest,2026,17,0.4404,positive,False,False,False,False,False,False,False,False,False,False,False,False,False,False,False
Capt.Venkat R Reddy,Easy to manouvere,2026-06-05,0,latest,2026,3,0.4404,positive,False,False,False,False,False,False,False,False,False,False,False,False,False,False,False
Lovit Jain,Extremely friendly app,2026-06-05,0,latest,2026,3,0.5413,positive,False,False,False,False,False,False,False,False,False,False,False,False,False,False,False
Bright Board Media,super servixe,2026-06-04,0,latest,2026,2,0.5994,positive,False,False,False,False,False,False,False,False,False,False,False,False,False,False,False
Shipra Ranjan,it has been great experience to Amex card,2026-06-03,0,latest,2026,8,0.6249,positive,False,False,False,False,False,False,False,False,False,False,False,False,False,False,False
A Google user,"Hassle free payment, no need for otp if you chose pay alerts. But lacks balance update immediately, card usage on/off feature",2020-02-12,0,relevance,2020,21,0.09,neutral,True,True,False,False,False,True,False,False,False,False,True,False,False,False,False
Rishi Devani,"Good service as always, only thing app logs out quite frequently. Also app needs new age features for eg virtual card no. Etc",2024-10-07,0,relevance,2024,23,0.4404,positive,False,False,False,False,False,False,False,False,False,False,False,False,False,False,False
Raman kumar,"Very easy to use, user interface is quick and easy. Thanks to amex team.",2022-12-12,0,relevance,2022,14,0.8399,positive,False,False,False,False,False,False,False,True,False,False,False,False,False,False,False
A Google user,"Please provide Ballance transfer option in app,it's more useful & most of side we facing problem of card use, nobody not accept the card",2019-10-15,0,relevance,2019,24,0.1553,neutral,False,False,False,False,False,False,False,False,False,False,False,False,False,False,False
A Google user,"Most of the places not accepted amex cards , every small store also havig UPI based qr codes,please provide UPI based payment option , it helpful to making payments any stores",2019-09-28,0,relevance,2019,31,0.2467,neutral,False,True,False,False,False,False,False,False,False,False,False,False,False,False,False
Abhishek kamath,Amazing interface and user friendly app which is the bare minimum one would expect from American Express .....,2024-10-20,0,relevance,2024,18,0.7906,positive,False,False,False,False,False,False,False,True,False,False,False,False,False,False,False
Manvinder Singh,Easy to use.Service is good.No tantrums while chatting.Good Job. Maintaing high standard that's why it is very difficult to get Amex Credit Card.,2024-08-07,0,relevance,2024,23,0.0534,neutral,False,False,False,False,False,False,False,False,False,False,False,False,False,False,False
gaddam venu,"Good to use, but lots of issues regarding this card facilities,, main thing this card is not accepting in all areas on shopping zone.",2020-11-16,0,relevance,2020,24,-0.2086,negative,False,False,False,False,False,False,False,False,False,False,False,False,False,False,False
Naveen Aggarwal,Fantastic app. Everything from reward redemption to customer support available in app itself. Other banks don't have such enhanced features.,2020-09-04,0,relevance,2020,20,0.875,positive,False,False,False,True,False,False,False,False,True,False,False,False,False,False,False
A Google user,This is first time am having the credit card send details at my finger tips just bcoz of Amex app . Its user friendly and helps you have knowledge on ur spends reward gains etc. it'd be better if Amex gives more credit limit than 50k as default limit,2019-08-07,0,relevance,2019,49,0.9601,positive,False,False,False,True,False,True,False,True,False,False,False,False,False,False,False
A Google user,"Amex, No Words to Express . Excellent Card Excellent Support Team Excellent Communication Simply Excellent Only limitations Is not acceptable at many outlets n Pumps.",2019-10-10,0,relevance,2019,25,0.9364,positive,False,False,False,False,False,False,False,False,True,False,False,False,False,False,False
Nikhil Rade,"The interface is user-friendly, with quick access to recent transactions, payment options, and rewards.",2024-12-23,0,relevance,2024,14,0.4767,positive,False,True,False,False,False,False,False,True,False,False,False,False,False,False,False
A Google user,"Well this is a good app, i can use it to check transactions which are not billed and can get alerts in real time.",2019-01-23,0,relevance,2019,24,0.6124,positive,False,False,False,False,False,False,False,False,False,False,False,False,False,False,False
A Google user,Very unusual design. Dont find it user friendly. Does not have many features which an end user would want to use.,2020-02-06,0,relevance,2020,21,0.5423,positive,False,False,False,False,False,False,False,True,False,False,False,False,False,False,False
Bijay G,1. Doesn't work everywhere 2. Statements do not get updated on time 3. Vendors despise it 4. Very costlier than other cards,2025-02-06,0,relevance,2025,22,-0.34,negative,False,False,False,False,False,False,True,False,False,False,False,False,False,False,False
Siddhartha De,"Starting from a very basic app, this application has come a long way. Incredible stuff, probably one of the best [if not the best] there is!",2021-03-11,0,relevance,2021,26,0.2787,neutral,False,False,False,False,False,False,False,False,False,False,False,False,True,False,False
RANJITH KUMAR K R,Overall good but some specific options are available in web login and not in app. Such things can be slightly enhanced.,2024-02-08,0,relevance,2024,21,0.2382,neutral,True,False,False,False,False,False,False,False,False,False,False,False,False,False,False
Mahesh Kumar,"Unable to login. Once logged in simply closes. Tried even reinstalling the app, still issue remains.",2022-01-17,0,relevance,2022,16,0.0,neutral,True,False,False,False,False,False,False,False,False,False,False,False,False,False,False
Manoj Sharma,Actually people refuse to accept this card. App does not inform about the new schemes. Youbhave to enroll for these plans first. Card is not for a person like me. Difficult to manage card.,2021-10-23,0,relevance,2021,34,0.1027,neutral,False,False,False,False,True,False,False,False,False,False,False,False,False,False,False
A Google user,These peoples doesn't give any Amazon voucher as per their advertisement. After more than 3 months I didn't get the voucher that they promised even after multiple complaints.,2020-02-09,0,relevance,2020,28,-0.1823,negative,False,False,False,True,False,False,False,False,False,False,False,False,False,False,False
A Google user,"Payments stay pending for a long time and payments get reflected after a while. Apart from that, superb service.",2020-02-07,0,relevance,2020,19,0.6249,positive,False,False,False,False,False,False,False,False,False,False,False,False,False,False,False
Waseem Mujahid,The app doesnt allow addition of multiple cards. Like if i have a personal Amex card and a corporate one. How do I add corporate card account details?,2020-05-09,0,relevance,2020,28,0.2105,neutral,False,False,False,False,False,False,False,False,False,False,False,False,False,False,False
r ram mohan,This is a good card I am using it for last 5 to 6 years. credit limit is also sufficient for me.I am really happy with features of this card.Customer services and responsiveness was good.,2023-09-13,0,relevance,2023,35,0.908,positive,False,False,False,False,False,True,False,False,False,False,False,False,False,False,False
Arijit Sil,The user face is very smooth and comfortable.,2026-05-16,0,latest,2026,8,0.552,positive,False,False,False,False,False,False,False,False,False,False,False,False,False,False,False
Ramesh Kumar,excellent 👍🏼,2026-05-16,0,latest,2026,2,0.5719,positive,False,False,False,False,False,False,False,False,False,False,False,False,False,False,False
Ramanjaneyulu Sankarapuram,excellent 👍,2026-05-15,0,latest,2026,2,0.5719,positive,False,False,False,False,False,False,False,False,False,False,False,False,False,False,False
Aditya Dwivedi,"Simple interface, fast and accurate, settings change extremely easy, just what one needs, no obnoxious pop-ups",2025-03-17,0,relevance,2025,16,0.6881,positive,False,False,False,False,False,False,False,True,False,False,False,False,False,False,False
Arunav Sharma,"Convenient to use, no ads, lag or bugs. Makes using the card and tracking spends/rewards a pleasure.",2023-12-09,0,relevance,2023,17,0.5478,positive,False,False,False,False,False,False,True,False,False,False,False,False,False,False,False
Rishikesh Gupta,Overall great app great customer service.. just need some improvement of displayings refunds seprate on different window from deducted amount transactions and emi running staus (seperately),2022-11-05,0,relevance,2022,26,0.9042,positive,False,False,False,False,False,True,False,False,True,False,False,False,False,False,False
Prashant Gawai,Worst customer service. Struggling to get one small thing since 1 week now. In every call keep hearing new stories and excuses!! Amex should feel so e shame calling their services premium!!,2024-12-23,0,relevance,2024,32,-0.909,negative,False,False,False,False,False,False,False,False,True,False,False,False,False,False,False
HM s,"App provide good know how of whatever you spent upfront, no need to scroll deep into the app . Moreover it is easy to use.",2020-08-12,0,relevance,2020,25,0.5574,positive,False,False,False,False,False,False,False,False,False,False,False,False,False,False,False
Mohit Aggarwal,"After updating the Android version 14 to latest release Patch (latest patch released in Oct 2024 and I installed on 1st November 2024), Amex app is not getting installed and update. Pls look into this issue so that we can install and update AMEX app.",2024-11-05,0,relevance,2024,45,0.0772,neutral,False,False,False,False,False,False,False,False,False,False,True,False,False,False,False
harsh parmar,They resolved my issues. Though took time.,2026-08-10,0,latest,2026,7,0.1779,neutral,False,False,False,False,False,False,False,False,False,False,False,False,False,False,False
NILESH OZA,"Please add Block Card, Set Self limit of online use , swipe and cash I use Citi Bank card apps is very easy and safe I blocked my self international use so no frawd so please do for customer safety",2021-02-06,0,relevance,2021,40,0.7338,positive,False,False,False,False,False,True,False,False,False,True,False,False,False,True,False
DEEPAK AGRAWAL,big cheater company,2026-07-15,0,latest,2026,3,-0.5423,negative,False,False,False,False,False,False,False,False,False,False,False,False,False,False,False
A Google user,"Not so good, not so bad. Needs lot of improvement. Frequently shows login errors.",2018-12-05,0,relevance,2018,14,0.2603,neutral,True,False,False,False,False,False,False,False,False,False,False,False,False,False,False
Deepak kumar,outstanding,2026-06-21,0,latest,2026,1,0.6124,positive,False,False,False,False,False,True,False,False,False,False,False,False,False,False,False
A Google user,"The app provides quick navigation to access the card account, you have all the useful information at your fingertips!",2019-04-23,0,relevance,2019,19,0.4926,positive,False,False,False,False,False,False,False,False,False,False,False,False,False,False,False
Gautam Swami,great app,2026-08-02,0,latest,2026,2,0.6249,positive,False,False,False,False,False,False,False,False,False,False,False,False,False,False,False
subhodeep mukherjee,Give the update on how much I need to spend to avoid yearly fee. Add redeem feature within the app.,2020-07-05,0,relevance,2020,20,-0.296,negative,False,False,False,True,False,True,False,False,False,False,True,False,False,False,True
Mahesh S,"Smooth UI, very easy to track details and points. Fast chat support as well.",2021-08-01,0,relevance,2021,14,0.7902,positive,False,False,False,True,False,False,False,True,True,False,False,False,False,False,False
Hariramakrishnan Balusamy,"Good and simple app, more options to be introduced like adding or removing a card and rewards resumption etc.",2020-11-24,0,relevance,2020,19,0.8176,positive,False,False,False,False,False,False,False,False,False,False,False,False,False,False,False
A Google user,Pathetic!!! After every single action this app logs out. Neet to keep typing user name and password. I am worried if this app is a virus or what.,2019-11-08,0,relevance,2019,28,-0.7767,negative,True,False,False,False,False,False,False,False,False,False,False,False,False,False,False
Prabhakar Telu,"Great app, good service, good customer care understanding and resolution, ....was happy when I got my new card without any issues...",2024-10-12,0,relevance,2024,21,0.9501,positive,False,False,False,False,False,False,False,False,True,False,False,False,False,False,False
A Google user,There are few things missing in app which can make the app more better. Like rewards and offers on acheivements.,2019-12-29,0,relevance,2019,20,0.7984,positive,False,False,False,False,False,False,False,False,False,False,False,False,False,False,False
B TRIPATI PATRA,Excellent....,2026-08-09,0,latest,2026,1,0.5719,positive,False,False,False,False,False,False,False,False,False,False,False,False,False,False,False
vvsdprasad lalam,"Best user interface compared to other back interface, very easy to users to check there translation Details",2021-06-08,0,relevance,2021,17,0.8122,positive,False,False,False,False,False,False,False,True,False,False,False,False,False,True,False
SA BH,Credit card payment should be done without entering card detail.. Currently we have to enter detail manually which is a pain..,2020-07-26,0,relevance,2020,21,-0.1779,negative,False,True,False,False,False,False,False,False,False,False,False,False,False,False,False
A Google user,"At last got some great update for Amex App. Now Its very easy to use, convenient and show everything what a credit card have.",2019-07-25,0,relevance,2019,24,0.8718,positive,False,False,False,False,False,False,False,False,False,False,True,False,False,False,False
A Google user,Best customer service and best app experience out there among all credit cards till now. Fingers crossed...,2020-02-10,0,relevance,2020,17,0.9001,positive,False,False,False,False,False,False,False,False,True,False,False,False,False,False,False
A Google user,The best thing about AE is the customer service. Very polite and friendly. Utterly satisfied with your service. Can't stop myself from writing this.,2018-09-21,0,relevance,2018,24,0.9126,positive,False,False,False,False,False,False,False,False,True,False,False,False,False,False,False
A Google user,"The best credit card app. Very clean UI, simple, and gives you all required information.",2020-02-06,0,relevance,2020,15,0.8687,positive,False,False,False,False,False,False,False,True,False,False,False,False,False,False,False
Muthu Muneeswaran Muthuraj,The best mobile banking app among the other banks i used to. Such a simple interface yet very clearly informed.,2020-06-10,0,relevance,2020,20,0.8016,positive,False,False,False,False,False,False,False,True,False,False,False,False,False,False,False
Ravjit Anand,Smooth and all solutions available on the app. Did not need to call the customer service for any issue.,2022-02-19,0,relevance,2022,19,0.1779,neutral,False,False,False,False,False,False,False,False,True,False,False,False,False,False,False
MOHAN KUMAR DHOLPURIA,"The application has a basic design, similar to that of many government applications. Nevertheless, it is functional and satisfactory.",2026-06-09,0,latest,2026,19,0.3612,positive,False,False,False,False,False,False,False,True,False,False,False,False,True,False,False
joel travasso,the payment is so long and slow process everytime I have to enter all my details,2026-06-09,0,latest,2026,16,0.0,neutral,False,True,False,False,False,False,True,False,False,False,False,False,False,False,False
Santosh Kumar,membership is high but reward is low,2026-06-07,0,latest,2026,7,0.5267,positive,False,False,False,True,False,False,False,False,False,False,False,False,False,False,False
A Google user,"It's an average app. They should add more features like changing bill date, credit card upgrade etc.",2020-04-08,0,relevance,2020,17,0.6573,positive,False,False,False,False,False,False,False,False,False,False,True,False,False,False,False
A Google user,Very easy to use and I like the detailed info it provides about the amount spent and rewards balance.,2019-01-28,0,relevance,2019,19,0.8313,positive,False,False,False,False,False,True,False,False,False,False,False,False,False,False,False
Tapas RoyChoudhury,"Payment process to be checked and made easier. Card details to be taken once, why again and again during payment.",2023-03-30,0,relevance,2023,20,0.4215,positive,False,True,False,False,False,False,False,False,False,False,False,False,False,False,False
Deepak Singh,"Good app but it doesn't provide information on reward points, when and where we got these shopping points.",2021-09-08,0,relevance,2021,18,0.7906,positive,False,False,False,True,False,False,False,False,False,False,False,False,False,False,False
A Google user,Simple layout with only the required information excluding all the up selling that regular card issuers do.,2019-06-12,0,relevance,2019,17,0.0,neutral,False,False,False,False,False,False,False,True,False,False,False,False,False,False,False
Kunal Harsh,"Excellent customer service, that's what is needed. Very polite and always go extremely to help. Very happy with the card and service. Keep rocking.",2022-06-18,0,relevance,2022,24,0.8927,positive,False,False,False,False,False,False,False,False,True,False,False,False,False,False,False
A Google user,"Improved a lot from earlier state. If they start taking the payments from the app, it will be really convinient.",2019-06-25,0,relevance,2019,20,0.4767,positive,False,False,False,False,False,False,False,False,False,False,False,False,False,False,False
sunil jain,nice,2026-07-27,0,latest,2026,1,0.4215,positive,False,False,False,False,False,False,False,False,False,False,False,False,False,False,False
Sujit De,"All good experience, except i didn't receive the callback which i was promised by Amex personal regarding an enhanced exposure in my card usage. Thanks for all the good work by Amex team.",2021-06-09,0,relevance,2021,33,0.8807,positive,False,False,False,False,False,False,False,False,False,False,False,False,False,False,False
A Google user,One of the best apps I've used. Very user friendly interface and it packs all the important features.,2019-03-02,0,relevance,2019,18,0.8583,positive,False,False,False,False,False,False,False,True,False,False,False,False,False,False,False
Parth Shah,one of the best,2026-07-29,0,latest,2026,4,0.6369,positive,False,False,False,False,False,False,False,False,False,False,False,False,False,False,False
Santosh Kumarr Shandilya,can be better,2026-07-05,0,latest,2026,3,0.4404,positive,False,False,False,False,False,False,False,False,False,False,False,False,False,False,False
Sridhar Chandramouli,"Excellent , courteous and prompt service",2026-07-02,0,latest,2026,6,0.7906,positive,False,False,False,False,False,False,False,False,False,False,False,False,False,False,False
m.sapthagiri raj,good and very very useful in emergency case,2026-07-02,0,latest,2026,8,0.5435,positive,False,False,False,False,False,False,False,False,False,False,False,False,False,False,False
Samyak,"This is a pathetic app with an average user interface experience, most of its tabs are not working and calculations are non understandable untill your statement comes in",2020-09-03,0,relevance,2020,28,-0.5719,negative,False,False,False,False,False,True,True,True,False,False,False,False,False,False,False
Naveesh Goyal,1) Can there be an option to turn on a payment mode only for a short period of time (e.g. 15 minutes) after which it should automatically turn off? 2) Amex travel portal is miserably slow.,2023-05-14,0,relevance,2023,36,-0.4767,negative,False,True,False,False,False,False,True,False,False,False,False,False,False,False,False
Sunil Kumar,Initially little reluctant to use app after using felt why didn't try earlier. Great best banking app...Amex is class above the rest of the bank..,2020-11-12,0,relevance,2020,25,0.0513,neutral,False,False,False,False,False,False,False,False,False,False,False,False,False,False,False
Karthikeyan Kannaiyan,best credit card,2026-07-23,0,latest,2026,3,0.7783,positive,False,False,False,False,False,False,False,False,False,False,False,False,False,False,False
Mohammed Muazzam,"Very nice app, User friendly, easy to navigate.",2026-07-14,0,latest,2026,8,0.8479,positive,False,False,False,False,False,False,False,True,False,False,False,False,False,False,False
Venkatesh s Venka,excellent,2026-07-13,0,latest,2026,1,0.5719,positive,False,False,False,False,False,False,False,False,False,False,False,False,False,False,False
Kumaraswamy JS,few functionality like card usage to have anual fees waver has been removed that waa present earlier.,2026-07-10,0,latest,2026,17,0.3612,positive,False,False,False,False,False,False,False,False,False,False,False,False,False,False,False
Narender Kanojia,great👍👍,2026-07-09,0,latest,2026,1,0.6249,positive,False,False,False,False,False,False,False,False,False,False,False,False,False,False,False
Rushaan Goyal,great,2026-08-02,0,latest,2026,1,0.6249,positive,False,False,False,False,False,False,False,False,False,False,False,False,False,False,False
Utkarsh singh,had a disappointing experience!,2026-07-20,0,latest,2026,4,-0.5411,negative,False,False,False,False,False,False,False,False,False,False,False,False,False,False,False
Satish Kumar,exceptional service and experience,2026-07-19,0,latest,2026,4,0.0,neutral,False,False,False,False,False,False,False,False,False,False,False,False,False,False,False
Shubhank mishra,all good,2026-07-19,0,latest,2026,2,0.4404,positive,False,False,False,False,False,False,False,False,False,False,False,False,False,False,False
raju raj,excellent,2026-07-18,0,latest,2026,1,0.5719,positive,False,False,False,False,False,False,False,False,False,False,False,False,False,False,False
Shashank Jaiswal,Simple and Reliable.,2026-07-17,0,latest,2026,3,0.0,neutral,False,False,False,False,False,False,False,False,False,False,False,False,False,False,False
Kumar Amardeep,Good and Clean App.,2026-07-16,0,latest,2026,4,0.6808,positive,False,False,False,False,False,False,False,False,False,False,False,False,False,False,False
